ea_id,district,distnum
31201007,Balaka,1
31201058,Balaka,1
31201104,Balaka,1
31201106,Balaka,1
31201197,Balaka,1
31201230,Balaka,1
31201234,Balaka,1
31201250,Balaka,1
31201350,Balaka,1
31201516,Balaka,1
31201726,Balaka,1
31201731,Balaka,1
31201732,Balaka,1
31201733,Balaka,1
31201734,Balaka,1
31201747,Balaka,1
31201765,Balaka,1
31201783,Balaka,1
31201784,Balaka,1
31201785,Balaka,1
31201786,Balaka,1
31201787,Balaka,1
31201788,Balaka,1
31201789,Balaka,1
31201790,Balaka,1
31201791,Balaka,1
31201792,Balaka,1
31201793,Balaka,1
31201794,Balaka,1
31201795,Balaka,1
31202735,Balaka,1
31202736,Balaka,1
31202737,Balaka,1
31202738,Balaka,1
31203739,Balaka,1
31203740,Balaka,1
31203741,Balaka,1
31204138,Balaka,1
31204184,Balaka,1
31204209,Balaka,1
31204267,Balaka,1
31204390,Balaka,1
31204410,Balaka,1
31204489,Balaka,1
31204532,Balaka,1
31204618,Balaka,1
31204742,Balaka,1
31204743,Balaka,1
31204796,Balaka,1
31204797,Balaka,1
31204798,Balaka,1
31204799,Balaka,1
31204800,Balaka,1
31204801,Balaka,1
31204802,Balaka,1
31204803,Balaka,1
31204804,Balaka,1
31205744,Balaka,1
31205745,Balaka,1
31205746,Balaka,1
31206747,Balaka,1
31207748,Balaka,1
31208749,Balaka,1
31208750,Balaka,1
31209751,Balaka,1
31220487,Balaka,1
31220637,Balaka,1
31220752,Balaka,1
31220805,Balaka,1
31220806,Balaka,1
31303263,Balaka,1
30501008,Blantyre,2
30501020,Blantyre,2
30501359,Blantyre,2
30501383,Blantyre,2
30501566,Blantyre,2
30501575,Blantyre,2
30501576,Blantyre,2
30501577,Blantyre,2
30501578,Blantyre,2
30501615,Blantyre,2
30501616,Blantyre,2
30501617,Blantyre,2
30501618,Blantyre,2
30501619,Blantyre,2
30502418,Blantyre,2
30502580,Blantyre,2
30502581,Blantyre,2
30502620,Blantyre,2
30502621,Blantyre,2
30503214,Blantyre,2
30503292,Blantyre,2
30503582,Blantyre,2
30503583,Blantyre,2
30503584,Blantyre,2
30503622,Blantyre,2
30503623,Blantyre,2
30503624,Blantyre,2
30503685,Blantyre,2
30504251,Blantyre,2
30504518,Blantyre,2
30504585,Blantyre,2
30504586,Blantyre,2
30504625,Blantyre,2
30504626,Blantyre,2
30505180,Blantyre,2
30505587,Blantyre,2
30505627,Blantyre,2
30506017,Blantyre,2
30506031,Blantyre,2
30506105,Blantyre,2
30506326,Blantyre,2
30506457,Blantyre,2
30506588,Blantyre,2
30506589,Blantyre,2
30506590,Blantyre,2
30506591,Blantyre,2
30506592,Blantyre,2
30506628,Blantyre,2
30506629,Blantyre,2
30506630,Blantyre,2
30506631,Blantyre,2
30506632,Blantyre,2
30506748,Blantyre,2
30507593,Blantyre,2
30507633,Blantyre,2
30507634,Blantyre,2
30507667,Blantyre,2
30508364,Blantyre,2
30508435,Blantyre,2
30508473,Blantyre,2
30508594,Blantyre,2
30508595,Blantyre,2
30508596,Blantyre,2
30508597,Blantyre,2
30508629,Blantyre,2
30508635,Blantyre,2
30508636,Blantyre,2
30508637,Blantyre,2
30508638,Blantyre,2
31531161,Blantyre,2
31531303,Blantyre,2
31531795,Blantyre,2
31531796,Blantyre,2
31531855,Blantyre,2
31531856,Blantyre,2
31532674,Blantyre,2
31532797,Blantyre,2
31532798,Blantyre,2
31532857,Blantyre,2
31533095,Blantyre,2
31533799,Blantyre,2
31533858,Blantyre,2
31534553,Blantyre,2
31534800,Blantyre,2
31534801,Blantyre,2
31534859,Blantyre,2
31535633,Blantyre,2
31535802,Blantyre,2
31535860,Blantyre,2
31535861,Blantyre,2
31536118,Blantyre,2
31536257,Blantyre,2
31536751,Blantyre,2
31536803,Blantyre,2
31536862,Blantyre,2
31536863,Blantyre,2
31537864,Blantyre,2
31538278,Blantyre,2
31539670,Blantyre,2
31539804,Blantyre,2
31539805,Blantyre,2
31539865,Blantyre,2
31539866,Blantyre,2
31540003,Blantyre,2
31540419,Blantyre,2
31540806,Blantyre,2
31540867,Blantyre,2
31541183,Blantyre,2
31541807,Blantyre,2
31541868,Blantyre,2
31544808,Blantyre,2
31544809,Blantyre,2
31544869,Blantyre,2
31545384,Blantyre,2
31546760,Blantyre,2
31546810,Blantyre,2
31546870,Blantyre,2
31547429,Blantyre,2
31547871,Blantyre,2
31548148,Blantyre,2
31548811,Blantyre,2
31548872,Blantyre,2
31548873,Blantyre,2
31549812,Blantyre,2
31550254,Blantyre,2
31550813,Blantyre,2
31551814,Blantyre,2
31551874,Blantyre,2
31552612,Blantyre,2
31552686,Blantyre,2
31552875,Blantyre,2
31553237,Blantyre,2
31553815,Blantyre,2
31553816,Blantyre,2
31553876,Blantyre,2
31554613,Blantyre,2
31554877,Blantyre,2
31555614,Blantyre,2
31555878,Blantyre,2
31001034,Chikwawa,3
31001092,Chikwawa,3
31001123,Chikwawa,3
31001228,Chikwawa,3
31001242,Chikwawa,3
31001333,Chikwawa,3
31001647,Chikwawa,3
31001687,Chikwawa,3
31001688,Chikwawa,3
31001689,Chikwawa,3
31001690,Chikwawa,3
31001691,Chikwawa,3
31001692,Chikwawa,3
31001735,Chikwawa,3
31001736,Chikwawa,3
31001737,Chikwawa,3
31001738,Chikwawa,3
31001739,Chikwawa,3
31001740,Chikwawa,3
31001741,Chikwawa,3
31001742,Chikwawa,3
31001749,Chikwawa,3
31002169,Chikwawa,3
31002245,Chikwawa,3
31002677,Chikwawa,3
31002693,Chikwawa,3
31002694,Chikwawa,3
31002695,Chikwawa,3
31002743,Chikwawa,3
31002744,Chikwawa,3
31003100,Chikwawa,3
31003226,Chikwawa,3
31003482,Chikwawa,3
31003696,Chikwawa,3
31003697,Chikwawa,3
31003698,Chikwawa,3
31003745,Chikwawa,3
31003746,Chikwawa,3
31003747,Chikwawa,3
31003748,Chikwawa,3
31003749,Chikwawa,3
31003759,Chikwawa,3
31004098,Chikwawa,3
31004699,Chikwawa,3
31004750,Chikwawa,3
31004751,Chikwawa,3
31005061,Chikwawa,3
31005700,Chikwawa,3
31005701,Chikwawa,3
31005752,Chikwawa,3
31006284,Chikwawa,3
31006556,Chikwawa,3
31006702,Chikwawa,3
31006753,Chikwawa,3
31006754,Chikwawa,3
31007335,Chikwawa,3
31007544,Chikwawa,3
31007549,Chikwawa,3
31007645,Chikwawa,3
31007703,Chikwawa,3
31007704,Chikwawa,3
31007705,Chikwawa,3
31007755,Chikwawa,3
31007756,Chikwawa,3
31007757,Chikwawa,3
31008706,Chikwawa,3
31010707,Chikwawa,3
31020708,Chikwawa,3
31020758,Chikwawa,3
30401015,Chiradzulu,4
30401062,Chiradzulu,4
30401178,Chiradzulu,4
30401397,Chiradzulu,4
30401553,Chiradzulu,4
30401554,Chiradzulu,4
30401555,Chiradzulu,4
30401556,Chiradzulu,4
30401591,Chiradzulu,4
30401592,Chiradzulu,4
30401593,Chiradzulu,4
30401594,Chiradzulu,4
30402291,Chiradzulu,4
30402402,Chiradzulu,4
30402515,Chiradzulu,4
30402557,Chiradzulu,4
30402558,Chiradzulu,4
30402559,Chiradzulu,4
30402560,Chiradzulu,4
30402570,Chiradzulu,4
30402595,Chiradzulu,4
30402596,Chiradzulu,4
30402597,Chiradzulu,4
30402598,Chiradzulu,4
30402599,Chiradzulu,4
30402669,Chiradzulu,4
30403185,Chiradzulu,4
30403225,Chiradzulu,4
30403261,Chiradzulu,4
30403444,Chiradzulu,4
30403558,Chiradzulu,4
30403561,Chiradzulu,4
30403562,Chiradzulu,4
30403563,Chiradzulu,4
30403600,Chiradzulu,4
30403601,Chiradzulu,4
30403602,Chiradzulu,4
30403603,Chiradzulu,4
30403604,Chiradzulu,4
30403605,Chiradzulu,4
30403606,Chiradzulu,4
30403699,Chiradzulu,4
30403766,Chiradzulu,4
30404093,Chiradzulu,4
30404458,Chiradzulu,4
30404493,Chiradzulu,4
30404564,Chiradzulu,4
30404565,Chiradzulu,4
30404566,Chiradzulu,4
30404567,Chiradzulu,4
30404607,Chiradzulu,4
30404608,Chiradzulu,4
30404609,Chiradzulu,4
30405568,Chiradzulu,4
30405588,Chiradzulu,4
30405610,Chiradzulu,4
30406125,Chiradzulu,4
30406378,Chiradzulu,4
30406569,Chiradzulu,4
30406611,Chiradzulu,4
30406612,Chiradzulu,4
30407570,Chiradzulu,4
30407571,Chiradzulu,4
30407572,Chiradzulu,4
30408573,Chiradzulu,4
30409574,Chiradzulu,4
30420223,Chiradzulu,4
30420614,Chiradzulu,4
10101016,Chitipa,5
10101100,Chitipa,5
10101101,Chitipa,5
10101102,Chitipa,5
10101103,Chitipa,5
10101104,Chitipa,5
10101105,Chitipa,5
10101106,Chitipa,5
10101107,Chitipa,5
10101108,Chitipa,5
10101204,Chitipa,5
10101215,Chitipa,5
10101219,Chitipa,5
10101355,Chitipa,5
10101374,Chitipa,5
10101470,Chitipa,5
10101562,Chitipa,5
10101568,Chitipa,5
10101706,Chitipa,5
10102004,Chitipa,5
10102107,Chitipa,5
10102108,Chitipa,5
10102109,Chitipa,5
10102110,Chitipa,5
10102111,Chitipa,5
10102112,Chitipa,5
10102379,Chitipa,5
10102621,Chitipa,5
10103111,Chitipa,5
10103112,Chitipa,5
10103113,Chitipa,5
10103114,Chitipa,5
10103115,Chitipa,5
10103414,Chitipa,5
10103452,Chitipa,5
10103681,Chitipa,5
10104116,Chitipa,5
10104117,Chitipa,5
10104118,Chitipa,5
10104150,Chitipa,5
10104351,Chitipa,5
10104440,Chitipa,5
10105114,Chitipa,5
10105115,Chitipa,5
10105119,Chitipa,5
10105120,Chitipa,5
10105121,Chitipa,5
10105352,Chitipa,5
10105511,Chitipa,5
10105513,Chitipa,5
10106116,Chitipa,5
10106117,Chitipa,5
10107118,Chitipa,5
10109119,Chitipa,5
10109120,Chitipa,5
10109121,Chitipa,5
10120122,Chitipa,5
10120123,Chitipa,5
10120286,Chitipa,5
10120288,Chitipa,5
10202195,Chitipa,5
20801046,Dedza,6
20801208,Dedza,6
20801271,Dedza,6
20801356,Dedza,6
20801407,Dedza,6
20801408,Dedza,6
20801409,Dedza,6
20801410,Dedza,6
20801411,Dedza,6
20801435,Dedza,6
20801436,Dedza,6
20801437,Dedza,6
20801438,Dedza,6
20801439,Dedza,6
20801497,Dedza,6
20802019,Dedza,6
20802041,Dedza,6
20802412,Dedza,6
20802413,Dedza,6
20802440,Dedza,6
20802441,Dedza,6
20802501,Dedza,6
20803155,Dedza,6
20803156,Dedza,6
20803414,Dedza,6
20803415,Dedza,6
20803416,Dedza,6
20803417,Dedza,6
20803442,Dedza,6
20803443,Dedza,6
20803444,Dedza,6
20803445,Dedza,6
20803446,Dedza,6
20803503,Dedza,6
20803599,Dedza,6
20803731,Dedza,6
20804405,Dedza,6
20804418,Dedza,6
20804419,Dedza,6
20804420,Dedza,6
20804447,Dedza,6
20804448,Dedza,6
20804449,Dedza,6
20804768,Dedza,6
20805345,Dedza,6
20805450,Dedza,6
20806131,Dedza,6
20806421,Dedza,6
20806422,Dedza,6
20806423,Dedza,6
20806451,Dedza,6
20806452,Dedza,6
20806546,Dedza,6
20806716,Dedza,6
20807424,Dedza,6
20807425,Dedza,6
20807426,Dedza,6
20807453,Dedza,6
20807454,Dedza,6
20807455,Dedza,6
20807456,Dedza,6
20807711,Dedza,6
20807727,Dedza,6
20807728,Dedza,6
20808421,Dedza,6
20808427,Dedza,6
20808457,Dedza,6
20820318,Dedza,6
20820428,Dedza,6
20820458,Dedza,6
20401171,Dowa,7
20401305,Dowa,7
20401306,Dowa,7
20401327,Dowa,7
20401328,Dowa,7
20401329,Dowa,7
20401627,Dowa,7
20401737,Dowa,7
20402045,Dowa,7
20402072,Dowa,7
20402198,Dowa,7
20402201,Dowa,7
20402298,Dowa,7
20402307,Dowa,7
20402308,Dowa,7
20402309,Dowa,7
20402310,Dowa,7
20402311,Dowa,7
20402330,Dowa,7
20402331,Dowa,7
20402332,Dowa,7
20402333,Dowa,7
20402334,Dowa,7
20403049,Dowa,7
20403312,Dowa,7
20403313,Dowa,7
20403335,Dowa,7
20403336,Dowa,7
20403337,Dowa,7
20403338,Dowa,7
20403668,Dowa,7
20403697,Dowa,7
20404032,Dowa,7
20404314,Dowa,7
20404315,Dowa,7
20404316,Dowa,7
20404339,Dowa,7
20404340,Dowa,7
20404341,Dowa,7
20404509,Dowa,7
20404575,Dowa,7
20404660,Dowa,7
20405132,Dowa,7
20405317,Dowa,7
20405318,Dowa,7
20405319,Dowa,7
20405320,Dowa,7
20405343,Dowa,7
20405344,Dowa,7
20405345,Dowa,7
20405366,Dowa,7
20405704,Dowa,7
20406177,Dowa,7
20406321,Dowa,7
20406322,Dowa,7
20406323,Dowa,7
20406346,Dowa,7
20406347,Dowa,7
20406348,Dowa,7
20406598,Dowa,7
20407324,Dowa,7
20407349,Dowa,7
20407398,Dowa,7
20407481,Dowa,7
20421229,Dowa,7
20421325,Dowa,7
20421350,Dowa,7
20615407,Dowa,7
10201124,Karonga,8
10201125,Karonga,8
10201126,Karonga,8
10201127,Karonga,8
10201128,Karonga,8
10201129,Karonga,8
10201137,Karonga,8
10201210,Karonga,8
10201247,Karonga,8
10201442,Karonga,8
10201688,Karonga,8
10202129,Karonga,8
10202130,Karonga,8
10202131,Karonga,8
10202514,Karonga,8
10203013,Karonga,8
10203085,Karonga,8
10203130,Karonga,8
10203131,Karonga,8
10203132,Karonga,8
10203133,Karonga,8
10203134,Karonga,8
10203135,Karonga,8
10203136,Karonga,8
10203137,Karonga,8
10203176,Karonga,8
10203221,Karonga,8
10203623,Karonga,8
10203744,Karonga,8
10204101,Karonga,8
10204136,Karonga,8
10204137,Karonga,8
10204138,Karonga,8
10204139,Karonga,8
10204140,Karonga,8
10204141,Karonga,8
10204322,Karonga,8
10204453,Karonga,8
10204586,Karonga,8
10204723,Karonga,8
10205141,Karonga,8
10205142,Karonga,8
10205143,Karonga,8
10205144,Karonga,8
10205202,Karonga,8
10205507,Karonga,8
10220027,Karonga,8
10220103,Karonga,8
10220143,Karonga,8
10220144,Karonga,8
10220145,Karonga,8
10220146,Karonga,8
10220147,Karonga,8
10220521,Karonga,8
10220705,Karonga,8
20101014,Kasungu,9
20101237,Kasungu,9
20101255,Kasungu,9
20101256,Kasungu,9
20101387,Kasungu,9
20102238,Kasungu,9
20102257,Kasungu,9
20102311,Kasungu,9
20103239,Kasungu,9
20103258,Kasungu,9
20103365,Kasungu,9
20104240,Kasungu,9
20105073,Kasungu,9
20105181,Kasungu,9
20105259,Kasungu,9
20105260,Kasungu,9
20106042,Kasungu,9
20106241,Kasungu,9
20106242,Kasungu,9
20106261,Kasungu,9
20107243,Kasungu,9
20107262,Kasungu,9
20107263,Kasungu,9
20107490,Kasungu,9
20107615,Kasungu,9
20108264,Kasungu,9
20108739,Kasungu,9
20109244,Kasungu,9
20109245,Kasungu,9
20109265,Kasungu,9
20109486,Kasungu,9
20109653,Kasungu,9
20110170,Kasungu,9
20110246,Kasungu,9
20110266,Kasungu,9
20110267,Kasungu,9
20110268,Kasungu,9
20110620,Kasungu,9
20111107,Kasungu,9
20111269,Kasungu,9
20111270,Kasungu,9
20111271,Kasungu,9
20111530,Kasungu,9
20111718,Kasungu,9
20112247,Kasungu,9
20112272,Kasungu,9
20112273,Kasungu,9
20112274,Kasungu,9
20112290,Kasungu,9
20112334,Kasungu,9
20112661,Kasungu,9
20113112,Kasungu,9
20113248,Kasungu,9
20113275,Kasungu,9
20113276,Kasungu,9
20113529,Kasungu,9
20115249,Kasungu,9
20115434,Kasungu,9
20119250,Kasungu,9
20120081,Kasungu,9
20120251,Kasungu,9
20120277,Kasungu,9
20120278,Kasungu,9
20121252,Kasungu,9
20121253,Kasungu,9
20122254,Kasungu,9
20123255,Kasungu,9
20123256,Kasungu,9
20123257,Kasungu,9
20124258,Kasungu,9
20126259,Kasungu,9
20127260,Kasungu,9
30106535,Lake Malombe,10
10404178,Lake malawi,11
10601220,Lake malawi,11
10601223,Lake malawi,11
10601227,Lake malawi,11
20201279,Lake malawi,11
10601211,Likoma,12
10601212,Likoma,12
10601221,Likoma,12
10601222,Likoma,12
10601224,Likoma,12
10601225,Likoma,12
10601226,Likoma,12
10601228,Likoma,12
10601229,Likoma,12
10620230,Likoma,12
20601141,Lilongwe,13
20601349,Lilongwe,13
20601350,Lilongwe,13
20601351,Lilongwe,13
20601375,Lilongwe,13
20601376,Lilongwe,13
20601377,Lilongwe,13
20601626,Lilongwe,13
20601658,Lilongwe,13
20601701,Lilongwe,13
20602352,Lilongwe,13
20602353,Lilongwe,13
20602354,Lilongwe,13
20602355,Lilongwe,13
20602363,Lilongwe,13
20602378,Lilongwe,13
20602379,Lilongwe,13
20602380,Lilongwe,13
20602381,Lilongwe,13
20602479,Lilongwe,13
20602607,Lilongwe,13
20602617,Lilongwe,13
20603090,Lilongwe,13
20603121,Lilongwe,13
20603133,Lilongwe,13
20603189,Lilongwe,13
20603337,Lilongwe,13
20603356,Lilongwe,13
20603357,Lilongwe,13
20603382,Lilongwe,13
20603383,Lilongwe,13
20603384,Lilongwe,13
20603385,Lilongwe,13
20603386,Lilongwe,13
20603387,Lilongwe,13
20603388,Lilongwe,13
20603455,Lilongwe,13
20603533,Lilongwe,13
20604071,Lilongwe,13
20604358,Lilongwe,13
20604359,Lilongwe,13
20604376,Lilongwe,13
20604389,Lilongwe,13
20604390,Lilongwe,13
20604391,Lilongwe,13
20604638,Lilongwe,13
20605302,Lilongwe,13
20605360,Lilongwe,13
20605361,Lilongwe,13
20605362,Lilongwe,13
20605392,Lilongwe,13
20606168,Lilongwe,13
20606297,Lilongwe,13
20606363,Lilongwe,13
20606364,Lilongwe,13
20606365,Lilongwe,13
20606393,Lilongwe,13
20606394,Lilongwe,13
20606395,Lilongwe,13
20607260,Lilongwe,13
20607315,Lilongwe,13
20607366,Lilongwe,13
20607396,Lilongwe,13
20607397,Lilongwe,13
20607733,Lilongwe,13
20608367,Lilongwe,13
20608368,Lilongwe,13
20608369,Lilongwe,13
20608398,Lilongwe,13
20608499,Lilongwe,13
20609370,Lilongwe,13
20609371,Lilongwe,13
20609399,Lilongwe,13
20609754,Lilongwe,13
20610050,Lilongwe,13
20610249,Lilongwe,13
20610372,Lilongwe,13
20610400,Lilongwe,13
20610401,Lilongwe,13
20611336,Lilongwe,13
20611373,Lilongwe,13
20611402,Lilongwe,13
20612374,Lilongwe,13
20612375,Lilongwe,13
20612403,Lilongwe,13
20612564,Lilongwe,13
20613324,Lilongwe,13
20613376,Lilongwe,13
20613404,Lilongwe,13
20614377,Lilongwe,13
20614405,Lilongwe,13
20614406,Lilongwe,13
20614477,Lilongwe,13
20614589,Lilongwe,13
20615064,Lilongwe,13
20615378,Lilongwe,13
20615408,Lilongwe,13
20615409,Lilongwe,13
20615410,Lilongwe,13
20615735,Lilongwe,13
20615752,Lilongwe,13
20616379,Lilongwe,13
20616380,Lilongwe,13
20616381,Lilongwe,13
20617382,Lilongwe,13
20617383,Lilongwe,13
20617384,Lilongwe,13
21031643,Lilongwe,13
21033451,Lilongwe,13
21036483,Lilongwe,13
21037030,Lilongwe,13
21037224,Lilongwe,13
21037452,Lilongwe,13
21037484,Lilongwe,13
21037485,Lilongwe,13
21037486,Lilongwe,13
21037536,Lilongwe,13
21038392,Lilongwe,13
21038487,Lilongwe,13
21038763,Lilongwe,13
21040453,Lilongwe,13
21040488,Lilongwe,13
21048764,Lilongwe,13
21051203,Lilongwe,13
21051454,Lilongwe,13
21051455,Lilongwe,13
21051489,Lilongwe,13
21051490,Lilongwe,13
21051491,Lilongwe,13
21051517,Lilongwe,13
21052427,Lilongwe,13
21052456,Lilongwe,13
21052492,Lilongwe,13
21052642,Lilongwe,13
21053430,Lilongwe,13
21053457,Lilongwe,13
21053458,Lilongwe,13
21053493,Lilongwe,13
21053494,Lilongwe,13
21053495,Lilongwe,13
21053745,Lilongwe,13
21054459,Lilongwe,13
21054496,Lilongwe,13
21054673,Lilongwe,13
21055165,Lilongwe,13
21055241,Lilongwe,13
21055460,Lilongwe,13
21055461,Lilongwe,13
21055462,Lilongwe,13
21055463,Lilongwe,13
21055497,Lilongwe,13
21055498,Lilongwe,13
21055499,Lilongwe,13
21055693,Lilongwe,13
21056222,Lilongwe,13
21059500,Lilongwe,13
21066096,Lilongwe,13
21066339,Lilongwe,13
21066464,Lilongwe,13
21066465,Lilongwe,13
21066466,Lilongwe,13
21066467,Lilongwe,13
21066478,Lilongwe,13
21066501,Lilongwe,13
21066502,Lilongwe,13
21068468,Lilongwe,13
21068503,Lilongwe,13
21069400,Lilongwe,13
21074469,Lilongwe,13
21074470,Lilongwe,13
21074504,Lilongwe,13
21074510,Lilongwe,13
21076505,Lilongwe,13
21077725,Lilongwe,13
21079006,Lilongwe,13
21079472,Lilongwe,13
21079506,Lilongwe,13
21080308,Lilongwe,13
21080473,Lilongwe,13
21080474,Lilongwe,13
21080475,Lilongwe,13
21080507,Lilongwe,13
21080508,Lilongwe,13
21080755,Lilongwe,13
21081476,Lilongwe,13
21081509,Lilongwe,13
21081573,Lilongwe,13
21083477,Lilongwe,13
21083510,Lilongwe,13
21083535,Lilongwe,13
21085094,Lilongwe,13
21085478,Lilongwe,13
21085511,Lilongwe,13
21086069,Lilongwe,13
21086436,Lilongwe,13
21086479,Lilongwe,13
21086480,Lilongwe,13
21086481,Lilongwe,13
21086512,Lilongwe,13
21086513,Lilongwe,13
21087057,Lilongwe,13
21087482,Lilongwe,13
21087483,Lilongwe,13
21087514,Lilongwe,13
21087515,Lilongwe,13
21087516,Lilongwe,13
21087531,Lilongwe,13
21087736,Lilongwe,13
21088484,Lilongwe,13
21088517,Lilongwe,13
21088518,Lilongwe,13
21088597,Lilongwe,13
30201076,Machinga,14
30201146,Machinga,14
30201498,Machinga,14
30201509,Machinga,14
30201510,Machinga,14
30201511,Machinga,14
30201543,Machinga,14
30201544,Machinga,14
30201545,Machinga,14
30201546,Machinga,14
30201587,Machinga,14
30202252,Machinga,14
30202403,Machinga,14
30202512,Machinga,14
30202547,Machinga,14
30202548,Machinga,14
30203044,Machinga,14
30203122,Machinga,14
30203142,Machinga,14
30203256,Machinga,14
30203513,Machinga,14
30203549,Machinga,14
30203550,Machinga,14
30203551,Machinga,14
30203552,Machinga,14
30203553,Machinga,14
30203554,Machinga,14
30203767,Machinga,14
30204126,Machinga,14
30204514,Machinga,14
30204555,Machinga,14
30205515,Machinga,14
30205556,Machinga,14
30205702,Machinga,14
30206341,Machinga,14
30206516,Machinga,14
30206517,Machinga,14
30206557,Machinga,14
30206558,Machinga,14
30206572,Machinga,14
30207060,Machinga,14
30207188,Machinga,14
30207491,Machinga,14
30207518,Machinga,14
30207559,Machinga,14
30207560,Machinga,14
30207561,Machinga,14
30208396,Machinga,14
30208519,Machinga,14
30208562,Machinga,14
30209287,Machinga,14
30209520,Machinga,14
30209521,Machinga,14
30209563,Machinga,14
30210522,Machinga,14
30210523,Machinga,14
30211524,Machinga,14
30211525,Machinga,14
30212167,Machinga,14
30212307,Machinga,14
30212492,Machinga,14
30212526,Machinga,14
30212527,Machinga,14
30212564,Machinga,14
30212565,Machinga,14
30214528,Machinga,14
30216529,Machinga,14
30221530,Machinga,14
30222077,Machinga,14
30222566,Machinga,14
30306594,Machinga,14
31221753,Machinga,14
30101280,Mangochi,15
30101485,Mangochi,15
30101486,Mangochi,15
30101487,Mangochi,15
30101519,Mangochi,15
30101520,Mangochi,15
30101521,Mangochi,15
30101545,Mangochi,15
30101552,Mangochi,15
30102028,Mangochi,15
30102488,Mangochi,15
30102489,Mangochi,15
30102522,Mangochi,15
30102523,Mangochi,15
30102524,Mangochi,15
30102540,Mangochi,15
30102632,Mangochi,15
30102641,Mangochi,15
30103021,Mangochi,15
30103074,Mangochi,15
30103420,Mangochi,15
30103490,Mangochi,15
30103525,Mangochi,15
30103526,Mangochi,15
30103527,Mangochi,15
30103528,Mangochi,15
30104022,Mangochi,15
30104040,Mangochi,15
30104491,Mangochi,15
30104492,Mangochi,15
30104493,Mangochi,15
30104529,Mangochi,15
30104530,Mangochi,15
30104708,Mangochi,15
30105325,Mangochi,15
30105448,Mangochi,15
30105494,Mangochi,15
30105495,Mangochi,15
30105531,Mangochi,15
30105532,Mangochi,15
30106005,Mangochi,15
30106331,Mangochi,15
30106496,Mangochi,15
30106497,Mangochi,15
30106498,Mangochi,15
30106533,Mangochi,15
30106534,Mangochi,15
30106536,Mangochi,15
30106750,Mangochi,15
30107395,Mangochi,15
30107499,Mangochi,15
30107500,Mangochi,15
30107537,Mangochi,15
30107624,Mangochi,15
30108117,Mangochi,15
30108401,Mangochi,15
30108501,Mangochi,15
30108502,Mangochi,15
30108538,Mangochi,15
30108539,Mangochi,15
30109503,Mangochi,15
30109540,Mangochi,15
30109724,Mangochi,15
30110504,Mangochi,15
30111505,Mangochi,15
30114506,Mangochi,15
30120262,Mangochi,15
30120507,Mangochi,15
30120541,Mangochi,15
30121508,Mangochi,15
30121542,Mangochi,15
20701385,Mchinji,16
20701386,Mchinji,16
20701387,Mchinji,16
20701411,Mchinji,16
20701412,Mchinji,16
20701527,Mchinji,16
20701659,Mchinji,16
20702011,Mchinji,16
20702282,Mchinji,16
20702388,Mchinji,16
20702389,Mchinji,16
20702390,Mchinji,16
20702391,Mchinji,16
20702413,Mchinji,16
20702414,Mchinji,16
20702415,Mchinji,16
20702416,Mchinji,16
20702417,Mchinji,16
20702464,Mchinji,16
20702471,Mchinji,16
20702542,Mchinji,16
20703025,Mchinji,16
20703083,Mchinji,16
20703316,Mchinji,16
20703392,Mchinji,16
20703393,Mchinji,16
20703418,Mchinji,16
20703419,Mchinji,16
20703420,Mchinji,16
20703421,Mchinji,16
20703422,Mchinji,16
20703565,Mchinji,16
20703595,Mchinji,16
20704037,Mchinji,16
20704289,Mchinji,16
20704353,Mchinji,16
20704394,Mchinji,16
20704395,Mchinji,16
20704423,Mchinji,16
20704424,Mchinji,16
20704425,Mchinji,16
20704426,Mchinji,16
20704738,Mchinji,16
20705328,Mchinji,16
20705372,Mchinji,16
20705396,Mchinji,16
20705397,Mchinji,16
20705427,Mchinji,16
20705428,Mchinji,16
20705429,Mchinji,16
20705430,Mchinji,16
20705431,Mchinji,16
20705495,Mchinji,16
20705652,Mchinji,16
20705657,Mchinji,16
20706163,Mchinji,16
20706294,Mchinji,16
20706398,Mchinji,16
20706399,Mchinji,16
20706432,Mchinji,16
20706433,Mchinji,16
20707400,Mchinji,16
20707401,Mchinji,16
20707402,Mchinji,16
20708403,Mchinji,16
20711404,Mchinji,16
20712405,Mchinji,16
20720368,Mchinji,16
20720406,Mchinji,16
20720434,Mchinji,16
30801205,Mulanje,17
30801300,Mulanje,17
30801305,Mulanje,17
30801386,Mulanje,17
30801631,Mulanje,17
30801642,Mulanje,17
30801643,Mulanje,17
30801644,Mulanje,17
30801645,Mulanje,17
30801672,Mulanje,17
30801679,Mulanje,17
30801687,Mulanje,17
30801688,Mulanje,17
30801689,Mulanje,17
30801690,Mulanje,17
30801691,Mulanje,17
30801692,Mulanje,17
30801693,Mulanje,17
30802036,Mulanje,17
30802485,Mulanje,17
30802579,Mulanje,17
30802646,Mulanje,17
30802647,Mulanje,17
30802648,Mulanje,17
30802694,Mulanje,17
30802696,Mulanje,17
30803115,Mulanje,17
30803233,Mulanje,17
30803480,Mulanje,17
30803649,Mulanje,17
30803650,Mulanje,17
30803651,Mulanje,17
30803697,Mulanje,17
30803698,Mulanje,17
30803699,Mulanje,17
30804416,Mulanje,17
30804426,Mulanje,17
30804652,Mulanje,17
30804653,Mulanje,17
30804700,Mulanje,17
30804701,Mulanje,17
30805259,Mulanje,17
30805375,Mulanje,17
30805463,Mulanje,17
30805551,Mulanje,17
30805654,Mulanje,17
30805655,Mulanje,17
30805656,Mulanje,17
30805657,Mulanje,17
30805658,Mulanje,17
30805702,Mulanje,17
30805703,Mulanje,17
30805704,Mulanje,17
30805705,Mulanje,17
30806145,Mulanje,17
30806483,Mulanje,17
30806611,Mulanje,17
30806630,Mulanje,17
30806659,Mulanje,17
30806660,Mulanje,17
30806661,Mulanje,17
30806662,Mulanje,17
30806706,Mulanje,17
30806707,Mulanje,17
30806708,Mulanje,17
30806709,Mulanje,17
30808664,Mulanje,17
30820710,Mulanje,17
30601052,Mwanza,18
30601144,Mwanza,18
30601190,Mwanza,18
30601191,Mwanza,18
30601428,Mwanza,18
30601526,Mwanza,18
30601598,Mwanza,18
30601599,Mwanza,18
30601600,Mwanza,18
30601601,Mwanza,18
30601602,Mwanza,18
30601603,Mwanza,18
30601604,Mwanza,18
30601605,Mwanza,18
30601608,Mwanza,18
30601639,Mwanza,18
30601640,Mwanza,18
30601641,Mwanza,18
30601642,Mwanza,18
30601643,Mwanza,18
30601644,Mwanza,18
30601645,Mwanza,18
30601646,Mwanza,18
30601647,Mwanza,18
30601648,Mwanza,18
30601746,Mwanza,18
30602059,Mwanza,18
30602217,Mwanza,18
30602220,Mwanza,18
30602235,Mwanza,18
30602408,Mwanza,18
30602443,Mwanza,18
30602445,Mwanza,18
30602472,Mwanza,18
30602512,Mwanza,18
30602606,Mwanza,18
30602607,Mwanza,18
30602608,Mwanza,18
30602609,Mwanza,18
30602610,Mwanza,18
30602611,Mwanza,18
30602649,Mwanza,18
30602650,Mwanza,18
30602651,Mwanza,18
30602652,Mwanza,18
30602653,Mwanza,18
30602654,Mwanza,18
30602655,Mwanza,18
30602656,Mwanza,18
30602657,Mwanza,18
30602658,Mwanza,18
30602659,Mwanza,18
30602660,Mwanza,18
30602713,Mwanza,18
30602734,Mwanza,18
30603612,Mwanza,18
30603613,Mwanza,18
30603614,Mwanza,18
30603615,Mwanza,18
30620179,Mwanza,18
30620196,Mwanza,18
30620323,Mwanza,18
30620616,Mwanza,18
30620617,Mwanza,18
30620644,Mwanza,18
30620661,Mwanza,18
30620662,Mwanza,18
31301246,Mwanza,18
31301304,Mwanza,18
31301385,Mwanza,18
31301560,Mwanza,18
31301671,Mwanza,18
31301683,Mwanza,18
31301754,Mwanza,18
31301755,Mwanza,18
31301756,Mwanza,18
31301757,Mwanza,18
31301758,Mwanza,18
31301807,Mwanza,18
31301808,Mwanza,18
31301809,Mwanza,18
31301810,Mwanza,18
31301811,Mwanza,18
31301812,Mwanza,18
31302162,Mwanza,18
31302415,Mwanza,18
31302578,Mwanza,18
31302651,Mwanza,18
31302759,Mwanza,18
31302760,Mwanza,18
31302761,Mwanza,18
31302762,Mwanza,18
31302763,Mwanza,18
31302813,Mwanza,18
31302814,Mwanza,18
31302815,Mwanza,18
31302816,Mwanza,18
31302817,Mwanza,18
31303067,Mwanza,18
31303327,Mwanza,18
31303467,Mwanza,18
31303567,Mwanza,18
31303585,Mwanza,18
31303610,Mwanza,18
31303655,Mwanza,18
31303757,Mwanza,18
31303764,Mwanza,18
31303765,Mwanza,18
31303766,Mwanza,18
31303767,Mwanza,18
31303768,Mwanza,18
31303769,Mwanza,18
31303770,Mwanza,18
31303818,Mwanza,18
31303819,Mwanza,18
31303820,Mwanza,18
31303821,Mwanza,18
31303822,Mwanza,18
31303823,Mwanza,18
31303824,Mwanza,18
31303825,Mwanza,18
31303826,Mwanza,18
31304771,Mwanza,18
31304772,Mwanza,18
31304773,Mwanza,18
31306166,Mwanza,18
31306274,Mwanza,18
31306500,Mwanza,18
31306719,Mwanza,18
31306827,Mwanza,18
31306828,Mwanza,18
31306829,Mwanza,18
31306830,Mwanza,18
10420188,Mzimba,19
10501055,Mzimba,19
10501190,Mzimba,19
10501191,Mzimba,19
10501192,Mzimba,19
10501196,Mzimba,19
10501197,Mzimba,19
10501198,Mzimba,19
10501199,Mzimba,19
10501216,Mzimba,19
10501505,Mzimba,19
10501709,Mzimba,19
10502043,Mzimba,19
10502193,Mzimba,19
10502194,Mzimba,19
10502195,Mzimba,19
10502196,Mzimba,19
10502197,Mzimba,19
10502200,Mzimba,19
10502201,Mzimba,19
10502202,Mzimba,19
10502203,Mzimba,19
10502268,Mzimba,19
10502439,Mzimba,19
10502593,Mzimba,19
10502730,Mzimba,19
10503204,Mzimba,19
10503205,Mzimba,19
10503206,Mzimba,19
10503211,Mzimba,19
10503367,Mzimba,19
10504198,Mzimba,19
10504207,Mzimba,19
10505136,Mzimba,19
10505151,Mzimba,19
10505199,Mzimba,19
10505200,Mzimba,19
10505201,Mzimba,19
10505208,Mzimba,19
10505209,Mzimba,19
10505210,Mzimba,19
10505231,Mzimba,19
10505310,Mzimba,19
10505508,Mzimba,19
10506127,Mzimba,19
10506202,Mzimba,19
10506203,Mzimba,19
10506204,Mzimba,19
10506211,Mzimba,19
10506212,Mzimba,19
10506548,Mzimba,19
10507175,Mzimba,19
10507205,Mzimba,19
10507213,Mzimba,19
10507214,Mzimba,19
10507344,Mzimba,19
10508206,Mzimba,19
10508207,Mzimba,19
10508215,Mzimba,19
10508216,Mzimba,19
10508369,Mzimba,19
10509208,Mzimba,19
10509217,Mzimba,19
10509319,Mzimba,19
10509474,Mzimba,19
10510209,Mzimba,19
10510218,Mzimba,19
10510388,Mzimba,19
10511210,Mzimba,19
10520219,Mzimba,19
10731213,Mzimba,19
10731231,Mzimba,19
10732047,Mzimba,19
10732070,Mzimba,19
10732192,Mzimba,19
10732214,Mzimba,19
10732232,Mzimba,19
10732233,Mzimba,19
10733215,Mzimba,19
10733234,Mzimba,19
10733235,Mzimba,19
10733465,Mzimba,19
10733640,Mzimba,19
10734216,Mzimba,19
10734217,Mzimba,19
10734236,Mzimba,19
10734237,Mzimba,19
10734238,Mzimba,19
10734239,Mzimba,19
10734370,Mzimba,19
10734393,Mzimba,19
10734407,Mzimba,19
10734762,Mzimba,19
10735130,Mzimba,19
10735173,Mzimba,19
10735240,Mzimba,19
10735241,Mzimba,19
10736053,Mzimba,19
10736174,Mzimba,19
10736218,Mzimba,19
10736242,Mzimba,19
10736243,Mzimba,19
10736244,Mzimba,19
10736245,Mzimba,19
10736377,Mzimba,19
10736466,Mzimba,19
10736596,Mzimba,19
10737199,Mzimba,19
10737219,Mzimba,19
10737220,Mzimba,19
10737221,Mzimba,19
10737246,Mzimba,19
10738222,Mzimba,19
10738223,Mzimba,19
10738224,Mzimba,19
10738247,Mzimba,19
10739225,Mzimba,19
10739226,Mzimba,19
10739248,Mzimba,19
10739309,Mzimba,19
10740227,Mzimba,19
10740228,Mzimba,19
10740229,Mzimba,19
10740230,Mzimba,19
10741249,Mzimba,19
10741504,Mzimba,19
10743250,Mzimba,19
10744039,Mzimba,19
10744154,Mzimba,19
10744251,Mzimba,19
10744252,Mzimba,19
10744253,Mzimba,19
10744649,Mzimba,19
10745234,Mzimba,19
10745235,Mzimba,19
10745236,Mzimba,19
10746033,Mzimba,19
10746244,Mzimba,19
10746254,Mzimba,19
10301026,Nkhata Bay,20
10301148,Nkhata Bay,20
10301149,Nkhata Bay,20
10301150,Nkhata Bay,20
10301151,Nkhata Bay,20
10301306,Nkhata Bay,20
10301347,Nkhata Bay,20
10301663,Nkhata Bay,20
10301741,Nkhata Bay,20
10302010,Nkhata Bay,20
10302152,Nkhata Bay,20
10302153,Nkhata Bay,20
10303153,Nkhata Bay,20
10303154,Nkhata Bay,20
10303454,Nkhata Bay,20
10304012,Nkhata Bay,20
10304154,Nkhata Bay,20
10304155,Nkhata Bay,20
10304156,Nkhata Bay,20
10304360,Nkhata Bay,20
10304625,Nkhata Bay,20
10305156,Nkhata Bay,20
10305157,Nkhata Bay,20
10305158,Nkhata Bay,20
10305446,Nkhata Bay,20
10306157,Nkhata Bay,20
10306158,Nkhata Bay,20
10306159,Nkhata Bay,20
10306160,Nkhata Bay,20
10306417,Nkhata Bay,20
10306431,Nkhata Bay,20
10307159,Nkhata Bay,20
10307161,Nkhata Bay,20
10307413,Nkhata Bay,20
10308129,Nkhata Bay,20
10308160,Nkhata Bay,20
10308162,Nkhata Bay,20
10308636,Nkhata Bay,20
10309161,Nkhata Bay,20
10309163,Nkhata Bay,20
10309164,Nkhata Bay,20
10309273,Nkhata Bay,20
10309281,Nkhata Bay,20
10310163,Nkhata Bay,20
10310165,Nkhata Bay,20
10310469,Nkhata Bay,20
10312048,Nkhata Bay,20
10312078,Nkhata Bay,20
10312164,Nkhata Bay,20
10312165,Nkhata Bay,20
10312166,Nkhata Bay,20
10312167,Nkhata Bay,20
10312168,Nkhata Bay,20
10312169,Nkhata Bay,20
10312187,Nkhata Bay,20
10312600,Nkhata Bay,20
10320168,Nkhata Bay,20
10320170,Nkhata Bay,20
10320171,Nkhata Bay,20
10320227,Nkhata Bay,20
20201109,Nkhotakota,21
20201206,Nkhotakota,21
20201261,Nkhotakota,21
20201262,Nkhotakota,21
20201263,Nkhotakota,21
20201264,Nkhotakota,21
20201265,Nkhotakota,21
20201266,Nkhotakota,21
20201269,Nkhotakota,21
20201280,Nkhotakota,21
20201281,Nkhotakota,21
20201282,Nkhotakota,21
20201283,Nkhotakota,21
20201284,Nkhotakota,21
20201285,Nkhotakota,21
20201354,Nkhotakota,21
20201450,Nkhotakota,21
20201646,Nkhotakota,21
20202268,Nkhotakota,21
20202286,Nkhotakota,21
20202343,Nkhotakota,21
20203135,Nkhotakota,21
20203269,Nkhotakota,21
20203287,Nkhotakota,21
20203288,Nkhotakota,21
20203289,Nkhotakota,21
20203290,Nkhotakota,21
20203291,Nkhotakota,21
20203494,Nkhotakota,21
20203656,Nkhotakota,21
20203694,Nkhotakota,21
20204124,Nkhotakota,21
20204270,Nkhotakota,21
20204271,Nkhotakota,21
20204272,Nkhotakota,21
20204292,Nkhotakota,21
20204293,Nkhotakota,21
20204712,Nkhotakota,21
20205207,Nkhotakota,21
20205273,Nkhotakota,21
20205294,Nkhotakota,21
20205295,Nkhotakota,21
20205296,Nkhotakota,21
20205297,Nkhotakota,21
20205298,Nkhotakota,21
20205484,Nkhotakota,21
20205525,Nkhotakota,21
20205634,Nkhotakota,21
20205700,Nkhotakota,21
20205721,Nkhotakota,21
20206243,Nkhotakota,21
20206274,Nkhotakota,21
20206275,Nkhotakota,21
20206276,Nkhotakota,21
20206277,Nkhotakota,21
20206278,Nkhotakota,21
20206279,Nkhotakota,21
20206280,Nkhotakota,21
20206299,Nkhotakota,21
20206300,Nkhotakota,21
20206362,Nkhotakota,21
20207281,Nkhotakota,21
20207282,Nkhotakota,21
20220038,Nkhotakota,21
20220153,Nkhotakota,21
20220283,Nkhotakota,21
20220301,Nkhotakota,21
20220302,Nkhotakota,21
31101009,Nsanje,22
31101399,Nsanje,22
31101709,Nsanje,22
31101710,Nsanje,22
31101759,Nsanje,22
31101760,Nsanje,22
31102266,Nsanje,22
31102591,Nsanje,22
31102711,Nsanje,22
31102761,Nsanje,22
31104086,Nsanje,22
31104147,Nsanje,22
31104361,Nsanje,22
31104496,Nsanje,22
31104691,Nsanje,22
31104696,Nsanje,22
31104712,Nsanje,22
31104713,Nsanje,22
31104714,Nsanje,22
31104715,Nsanje,22
31104716,Nsanje,22
31104762,Nsanje,22
31104763,Nsanje,22
31104764,Nsanje,22
31104765,Nsanje,22
31104766,Nsanje,22
31104767,Nsanje,22
31104768,Nsanje,22
31105091,Nsanje,22
31105559,Nsanje,22
31105581,Nsanje,22
31105717,Nsanje,22
31105718,Nsanje,22
31105719,Nsanje,22
31105769,Nsanje,22
31105770,Nsanje,22
31105771,Nsanje,22
31106066,Nsanje,22
31106182,Nsanje,22
31106519,Nsanje,22
31106574,Nsanje,22
31106682,Nsanje,22
31106720,Nsanje,22
31106721,Nsanje,22
31106772,Nsanje,22
31106773,Nsanje,22
31106774,Nsanje,22
31106775,Nsanje,22
31106776,Nsanje,22
31107406,Nsanje,22
31107722,Nsanje,22
31107723,Nsanje,22
31107724,Nsanje,22
31107725,Nsanje,22
31107777,Nsanje,22
31108265,Nsanje,22
31108703,Nsanje,22
31108726,Nsanje,22
31108778,Nsanje,22
31109727,Nsanje,22
31109779,Nsanje,22
31110462,Nsanje,22
31110728,Nsanje,22
31110780,Nsanje,22
31120097,Nsanje,22
31120218,Nsanje,22
31120729,Nsanje,22
31120730,Nsanje,22
31120781,Nsanje,22
31120782,Nsanje,22
20901232,Ntcheu,23
20901276,Ntcheu,23
20901429,Ntcheu,23
20901459,Ntcheu,23
20901460,Ntcheu,23
20901461,Ntcheu,23
20902430,Ntcheu,23
20902431,Ntcheu,23
20902437,Ntcheu,23
20902449,Ntcheu,23
20902461,Ntcheu,23
20902462,Ntcheu,23
20902463,Ntcheu,23
20902464,Ntcheu,23
20903432,Ntcheu,23
20903433,Ntcheu,23
20903434,Ntcheu,23
20903465,Ntcheu,23
20903466,Ntcheu,23
20903543,Ntcheu,23
20903583,Ntcheu,23
20904018,Ntcheu,23
20904160,Ntcheu,23
20904342,Ntcheu,23
20904435,Ntcheu,23
20904436,Ntcheu,23
20904467,Ntcheu,23
20904468,Ntcheu,23
20904469,Ntcheu,23
20904470,Ntcheu,23
20904602,Ntcheu,23
20905295,Ntcheu,23
20905437,Ntcheu,23
20905438,Ntcheu,23
20905471,Ntcheu,23
20906110,Ntcheu,23
20906439,Ntcheu,23
20906472,Ntcheu,23
20906473,Ntcheu,23
20906474,Ntcheu,23
20906524,Ntcheu,23
20906605,Ntcheu,23
20907238,Ntcheu,23
20907440,Ntcheu,23
20907475,Ntcheu,23
20908051,Ntcheu,23
20908088,Ntcheu,23
20908119,Ntcheu,23
20908293,Ntcheu,23
20908329,Ntcheu,23
20908441,Ntcheu,23
20908442,Ntcheu,23
20908476,Ntcheu,23
20908477,Ntcheu,23
20908478,Ntcheu,23
20908479,Ntcheu,23
20908480,Ntcheu,23
20908481,Ntcheu,23
20908538,Ntcheu,23
20909113,Ntcheu,23
20909443,Ntcheu,23
20909444,Ntcheu,23
20909482,Ntcheu,23
20910445,Ntcheu,23
20910446,Ntcheu,23
20910447,Ntcheu,23
20910448,Ntcheu,23
20911449,Ntcheu,23
20920450,Ntcheu,23
20920520,Ntcheu,23
20301075,Ntchisi,24
20301284,Ntchisi,24
20301303,Ntchisi,24
20301304,Ntchisi,24
20302285,Ntchisi,24
20302286,Ntchisi,24
20302305,Ntchisi,24
20302306,Ntchisi,24
20302432,Ntchisi,24
20302539,Ntchisi,24
20302592,Ntchisi,24
20303065,Ntchisi,24
20303287,Ntchisi,24
20303288,Ntchisi,24
20303289,Ntchisi,24
20303290,Ntchisi,24
20303291,Ntchisi,24
20303292,Ntchisi,24
20303307,Ntchisi,24
20303308,Ntchisi,24
20303309,Ntchisi,24
20303447,Ntchisi,24
20303654,Ntchisi,24
20304084,Ntchisi,24
20304164,Ntchisi,24
20304285,Ntchisi,24
20304293,Ntchisi,24
20304294,Ntchisi,24
20304310,Ntchisi,24
20304311,Ntchisi,24
20304312,Ntchisi,24
20304313,Ntchisi,24
20304314,Ntchisi,24
20304315,Ntchisi,24
20304662,Ntchisi,24
20304680,Ntchisi,24
20305023,Ntchisi,24
20305172,Ntchisi,24
20305295,Ntchisi,24
20305296,Ntchisi,24
20305297,Ntchisi,24
20305298,Ntchisi,24
20305299,Ntchisi,24
20305301,Ntchisi,24
20305316,Ntchisi,24
20305317,Ntchisi,24
20305318,Ntchisi,24
20305319,Ntchisi,24
20305320,Ntchisi,24
20305321,Ntchisi,24
20305340,Ntchisi,24
20305382,Ntchisi,24
20305717,Ntchisi,24
20306272,Ntchisi,24
20306296,Ntchisi,24
20306300,Ntchisi,24
20306322,Ntchisi,24
20306323,Ntchisi,24
20306324,Ntchisi,24
20306325,Ntchisi,24
20306433,Ntchisi,24
20306557,Ntchisi,24
20307301,Ntchisi,24
20307302,Ntchisi,24
20307303,Ntchisi,24
20320304,Ntchisi,24
20320326,Ntchisi,24
20320675,Ntchisi,24
30901029,Phalombe,25
30901054,Phalombe,25
30901193,Phalombe,25
30901253,Phalombe,25
30901275,Phalombe,25
30901320,Phalombe,25
30901380,Phalombe,25
30901409,Phalombe,25
30901475,Phalombe,25
30901550,Phalombe,25
30901569,Phalombe,25
30901603,Phalombe,25
30901665,Phalombe,25
30901666,Phalombe,25
30901667,Phalombe,25
30901668,Phalombe,25
30901669,Phalombe,25
30901670,Phalombe,25
30901711,Phalombe,25
30901712,Phalombe,25
30901713,Phalombe,25
30901714,Phalombe,25
30901715,Phalombe,25
30901716,Phalombe,25
30901717,Phalombe,25
30901718,Phalombe,25
30901719,Phalombe,25
30901720,Phalombe,25
30901721,Phalombe,25
30901722,Phalombe,25
30901723,Phalombe,25
30901724,Phalombe,25
30901725,Phalombe,25
30901726,Phalombe,25
30901732,Phalombe,25
30901756,Phalombe,25
30902236,Phalombe,25
30902299,Phalombe,25
30902346,Phalombe,25
30902425,Phalombe,25
30902606,Phalombe,25
30902671,Phalombe,25
30902672,Phalombe,25
30902673,Phalombe,25
30902727,Phalombe,25
30902728,Phalombe,25
30902729,Phalombe,25
30902730,Phalombe,25
30902731,Phalombe,25
30903114,Phalombe,25
30903528,Phalombe,25
30903674,Phalombe,25
30903675,Phalombe,25
30903732,Phalombe,25
30903733,Phalombe,25
30903734,Phalombe,25
30904676,Phalombe,25
30904677,Phalombe,25
30905678,Phalombe,25
30905679,Phalombe,25
30905680,Phalombe,25
30905681,Phalombe,25
30905682,Phalombe,25
30906683,Phalombe,25
30906684,Phalombe,25
30906685,Phalombe,25
30906686,Phalombe,25
30920609,Phalombe,25
10401140,Rumphi,26
10401169,Rumphi,26
10401170,Rumphi,26
10401171,Rumphi,26
10401172,Rumphi,26
10401173,Rumphi,26
10401174,Rumphi,26
10401175,Rumphi,26
10401176,Rumphi,26
10401177,Rumphi,26
10401178,Rumphi,26
10401179,Rumphi,26
10401180,Rumphi,26
10401212,Rumphi,26
10401424,Rumphi,26
10401502,Rumphi,26
10401522,Rumphi,26
10401541,Rumphi,26
10401604,Rumphi,26
10401635,Rumphi,26
10401742,Rumphi,26
10402181,Rumphi,26
10402537,Rumphi,26
10403175,Rumphi,26
10403176,Rumphi,26
10403177,Rumphi,26
10403182,Rumphi,26
10403183,Rumphi,26
10403332,Rumphi,26
10403488,Rumphi,26
10404179,Rumphi,26
10404184,Rumphi,26
10404185,Rumphi,26
10404186,Rumphi,26
10404707,Rumphi,26
10405180,Rumphi,26
10405181,Rumphi,26
10405187,Rumphi,26
10405213,Rumphi,26
10405404,Rumphi,26
10407068,Rumphi,26
10407182,Rumphi,26
10407183,Rumphi,26
10407188,Rumphi,26
10407189,Rumphi,26
10407190,Rumphi,26
10407194,Rumphi,26
10407628,Rumphi,26
10408185,Rumphi,26
10408191,Rumphi,26
10408192,Rumphi,26
10408441,Rumphi,26
10409186,Rumphi,26
10409468,Rumphi,26
10410187,Rumphi,26
10420001,Rumphi,26
10420035,Rumphi,26
10420080,Rumphi,26
10420189,Rumphi,26
10420193,Rumphi,26
10420194,Rumphi,26
10420195,Rumphi,26
20404342,Salima,27
20501111,Salima,27
20501326,Salima,27
20501327,Salima,27
20501328,Salima,27
20501330,Salima,27
20501351,Salima,27
20501352,Salima,27
20501353,Salima,27
20501664,Salima,27
20502159,Salima,27
20502240,Salima,27
20502329,Salima,27
20502330,Salima,27
20502331,Salima,27
20502332,Salima,27
20502354,Salima,27
20502355,Salima,27
20502356,Salima,27
20502357,Salima,27
20502740,Salima,27
20502758,Salima,27
20503239,Salima,27
20503333,Salima,27
20503358,Salima,27
20503476,Salima,27
20504334,Salima,27
20504335,Salima,27
20504359,Salima,27
20504360,Salima,27
20504373,Salima,27
20504729,Salima,27
20505317,Salima,27
20505336,Salima,27
20505337,Salima,27
20505361,Salima,27
20505362,Salima,27
20505363,Salima,27
20505648,Salima,27
20506338,Salima,27
20506339,Salima,27
20506364,Salima,27
20506412,Salima,27
20507089,Salima,27
20507340,Salima,27
20507341,Salima,27
20507342,Salima,27
20507343,Salima,27
20507365,Salima,27
20507366,Salima,27
20507367,Salima,27
20507368,Salima,27
20507369,Salima,27
20507371,Salima,27
20507422,Salima,27
20507459,Salima,27
20507571,Salima,27
20508344,Salima,27
20508345,Salima,27
20508349,Salima,27
20508370,Salima,27
20508547,Salima,27
20509346,Salima,27
20509371,Salima,27
20510584,Salima,27
20520255,Salima,27
20520347,Salima,27
20520372,Salima,27
20520373,Salima,27
20520582,Salima,27
20521348,Salima,27
20521374,Salima,27
30501579,Thyolo,28
30701411,Thyolo,28
30701618,Thyolo,28
30701663,Thyolo,28
30702134,Thyolo,28
30702619,Thyolo,28
30702664,Thyolo,28
30703381,Thyolo,28
30703620,Thyolo,28
30703665,Thyolo,28
30703666,Thyolo,28
30704158,Thyolo,28
30704313,Thyolo,28
30704621,Thyolo,28
30704622,Thyolo,28
30704667,Thyolo,28
30705248,Thyolo,28
30705391,Thyolo,28
30705623,Thyolo,28
30705624,Thyolo,28
30705668,Thyolo,28
30705669,Thyolo,28
30706619,Thyolo,28
30706625,Thyolo,28
30706626,Thyolo,28
30706670,Thyolo,28
30706671,Thyolo,28
30706743,Thyolo,28
30707534,Thyolo,28
30707627,Thyolo,28
30707628,Thyolo,28
30707672,Thyolo,28
30707673,Thyolo,28
30707722,Thyolo,28
30708338,Thyolo,28
30708629,Thyolo,28
30708630,Thyolo,28
30708665,Thyolo,28
30708674,Thyolo,28
30708675,Thyolo,28
30708676,Thyolo,28
30709116,Thyolo,28
30709358,Thyolo,28
30709438,Thyolo,28
30709631,Thyolo,28
30709632,Thyolo,28
30709650,Thyolo,28
30709677,Thyolo,28
30709678,Thyolo,28
30709679,Thyolo,28
30709680,Thyolo,28
30709698,Thyolo,28
30710079,Thyolo,28
30710128,Thyolo,28
30710157,Thyolo,28
30710451,Thyolo,28
30710633,Thyolo,28
30710634,Thyolo,28
30710635,Thyolo,28
30710636,Thyolo,28
30710681,Thyolo,28
30710682,Thyolo,28
30710683,Thyolo,28
30710684,Thyolo,28
30711637,Thyolo,28
30711684,Thyolo,28
30711685,Thyolo,28
30712638,Thyolo,28
30713639,Thyolo,28
30713640,Thyolo,28
30720641,Thyolo,28
30720666,Thyolo,28
30720686,Thyolo,28
30803321,Thyolo,28
31004312,Thyolo,28
30301531,Zomba,29
30301554,Zomba,29
30301567,Zomba,29
30301568,Zomba,29
30301569,Zomba,29
30301576,Zomba,29
30301590,Zomba,29
30302283,Zomba,29
30302357,Zomba,29
30302532,Zomba,29
30302533,Zomba,29
30302534,Zomba,29
30302535,Zomba,29
30302536,Zomba,29
30302570,Zomba,29
30302571,Zomba,29
30302572,Zomba,29
30302573,Zomba,29
30302574,Zomba,29
30302601,Zomba,29
30302687,Zomba,29
30302692,Zomba,29
30304139,Zomba,29
30304143,Zomba,29
30304537,Zomba,29
30304538,Zomba,29
30304575,Zomba,29
30304576,Zomba,29
30304577,Zomba,29
30305082,Zomba,29
30305258,Zomba,29
30305277,Zomba,29
30305506,Zomba,29
30305539,Zomba,29
30305540,Zomba,29
30305561,Zomba,29
30305578,Zomba,29
30305579,Zomba,29
30305580,Zomba,29
30305581,Zomba,29
30305582,Zomba,29
30306024,Zomba,29
30306056,Zomba,29
30306087,Zomba,29
30306460,Zomba,29
30306541,Zomba,29
30306542,Zomba,29
30306555,Zomba,29
30306583,Zomba,29
30306584,Zomba,29
30306585,Zomba,29
30306586,Zomba,29
30306587,Zomba,29
30306588,Zomba,29
30307543,Zomba,29
30307544,Zomba,29
30307545,Zomba,29
30307546,Zomba,29
30307547,Zomba,29
30307577,Zomba,29
30307589,Zomba,29
30307590,Zomba,29
30307678,Zomba,29
30308548,Zomba,29
30309549,Zomba,29
30309550,Zomba,29
30311551,Zomba,29
30311552,Zomba,29
30406613,Zomba,29
30406710,Zomba,29
30502456,Zomba,29
31431714,Zomba,29
31431774,Zomba,29
31431775,Zomba,29
31431776,Zomba,29
31431777,Zomba,29
31431831,Zomba,29
31431832,Zomba,29
31432279,Zomba,29
31432523,Zomba,29
31432676,Zomba,29
31432778,Zomba,29
31432833,Zomba,29
31432834,Zomba,29
31433779,Zomba,29
31433780,Zomba,29
31433781,Zomba,29
31433782,Zomba,29
31434099,Zomba,29
31434783,Zomba,29
31434784,Zomba,29
31434835,Zomba,29
31435120,Zomba,29
31435149,Zomba,29
31435423,Zomba,29
31435753,Zomba,29
31435785,Zomba,29
31435836,Zomba,29
31435837,Zomba,29
31435838,Zomba,29
31435839,Zomba,29
31436063,Zomba,29
31436695,Zomba,29
31436840,Zomba,29
31436841,Zomba,29
31437786,Zomba,29
31437842,Zomba,29
31438563,Zomba,29
31438622,Zomba,29
31438689,Zomba,29
31438690,Zomba,29
31438787,Zomba,29
31438788,Zomba,29
31438789,Zomba,29
31438790,Zomba,29
31438843,Zomba,29
31438844,Zomba,29
31438845,Zomba,29
31439102,Zomba,29
31439791,Zomba,29
31439792,Zomba,29
31439846,Zomba,29
31440002,Zomba,29
31440152,Zomba,29
31440793,Zomba,29
31440794,Zomba,29
31440847,Zomba,29
31441389,Zomba,29
31441848,Zomba,29
31441849,Zomba,29
31442200,Zomba,29
31442394,Zomba,29
31442616,Zomba,29
31442850,Zomba,29
31442851,Zomba,29
31443108,Zomba,29
31443270,Zomba,29
31443852,Zomba,29
31443853,Zomba,29
31444854,Zomba,29
