ea_id,int_month,int_year,wave,rcsi_EAavgscore,rcsi_EAlevel,rcsi_HHlevel
10101016,4,2010,1,3.75,1,1
10101100,4,2016,3,3.4375,1,1
10101100,8,2019,4,5.1875,1,1
10101101,2,2017,3,8.6875,1,2
10101101,4,2020,4,1.4375,0,0
10101102,9,2016,3,7.75,1,1
10101102,5,2019,4,2.9375,0,1
10101103,4,2017,3,6.5,1,1
10101103,1,2020,4,5.75,1,1
10101104,5,2016,3,7.375,1,1
10101104,8,2019,4,5.5,1,1
10101105,2,2017,3,9.8125,1,1
10101105,3,2020,4,2,0,1
10101106,12,2016,3,7.875,1,1
10101106,5,2019,4,5.875,1,0
10101107,4,2017,3,6.5625,1,1
10101108,6,2016,3,2.875,0,1
10101204,8,2010,1,1.875,0,0
10101215,5,2010,1,1.875,0,0
10101215,5,2013,2,3.6875,1,0
10101219,2,2011,1,.0625,0,0
10101355,1,2011,1,.1875,0,0
10101374,10,2010,1,1.3125,0,0
10101470,6,2010,1,.5,0,0
10101562,10,2010,1,.5625,0,0
10101568,11,2010,1,.5625,0,0
10101706,11,2010,1,0,0,0
10102004,5,2010,1,1.4375,0,0
10102107,12,2019,4,4,1,0
10102108,10,2019,4,3.1875,1,0
10102109,3,2017,3,4.625,1,1
10102109,3,2020,4,3.8125,1,1
10102110,9,2016,3,3.1875,1,1
10102110,7,2019,4,1.5625,0,0
10102111,4,2017,3,5.8125,1,1
10102112,4,2016,3,3.5625,1,1
10102379,11,2010,1,.375,0,0
10102621,2,2011,1,.875,0,0
10103111,1,2020,4,5.3125,1,0
10103112,9,2019,4,.5,0,0
10103113,2,2017,3,10,1,2
10103113,3,2020,4,9.5625,1,1
10103114,10,2016,3,8.375,1,1
10103115,4,2017,3,8.125,1,1
10103414,9,2010,1,4,1,0
10103414,9,2013,2,2.8125,0,0
10103452,12,2010,1,2.1111112,0,1
10103681,3,2011,1,.6875,0,0
10104116,5,2016,3,5,1,1
10104117,2,2017,3,10.375,1,2
10104118,12,2016,3,7.0666666,1,1
10104150,7,2010,1,3.75,1,0
10104351,12,2010,1,1.5,0,0
10104440,7,2010,1,2.0625,0,0
10105114,6,2019,4,6.8125,1,1
10105115,1,2020,4,3.4375,1,0
10105119,4,2017,3,5.6875,1,1
10105120,6,2016,3,4.25,1,1
10105121,3,2017,3,4.5625,1,1
10105352,11,2010,1,.3125,0,0
10105511,1,2011,1,.3125,0,0
10105513,3,2010,1,5.8888888,1,1
10106116,8,2019,4,2.625,0,1
10106117,3,2020,4,1.0625,0,0
10107118,5,2019,4,6.75,1,1
10109119,12,2019,4,2.375,0,1
10109120,10,2019,4,2.625,0,0
10109121,3,2020,4,2.8125,0,1
10120122,9,2016,3,5.8125,1,1
10120122,7,2019,4,2.8125,0,1
10120123,4,2017,3,3.875,1,1
10120123,1,2020,4,1.5625,0,0
10120286,1,2011,1,.0625,0,0
10120288,9,2010,1,2.3125,0,0
10201124,1,2017,3,9.8888893,1,2
10201124,9,2019,4,4.625,1,1
10201125,10,2016,3,6.1875,1,1
10201125,3,2020,4,8.8125,1,2
10201126,4,2017,3,7.3125,1,1
10201126,6,2019,4,7.25,1,1
10201127,5,2016,3,3.090909,1,1
10201127,1,2020,4,6.5,1,1
10201128,2,2017,3,9.375,1,2
10201128,8,2019,4,5.3125,1,1
10201129,10,2016,3,4.0999999,1,1
10201137,6,2010,1,2.3846154,0,0
10201210,3,2011,1,.4375,0,0
10201247,10,2010,1,1.9375,0,0
10201442,10,2010,1,2.8125,0,1
10201688,10,2010,1,1.125,0,0
10202129,2,2020,4,4.5625,1,1
10202130,4,2017,3,5.125,1,1
10202131,7,2016,3,2.4000001,0,1
10202195,1,2011,1,.5,0,0
10202514,4,2010,1,4.25,1,1
10203013,4,2010,1,.5625,0,0
10203085,11,2010,1,3.625,1,1
10203130,5,2019,4,6.5625,1,1
10203131,12,2019,4,5.6875,1,1
10203132,2,2017,3,8.333333,1,1
10203132,9,2019,4,2.5,0,0
10203132,10,2019,4,8.375,1,2
10203133,9,2016,3,4.625,1,1
10203133,3,2020,4,6.3125,1,1
10203134,3,2017,3,13.444445,1,2
10203134,7,2019,4,4.625,1,1
10203135,5,2016,3,6.4000001,1,1
10203135,1,2020,4,12.8125,1,2
10203136,1,2017,3,8.5625,1,1
10203137,10,2016,3,7.0625,1,1
10203176,8,2010,1,3.2,1,1
10203221,2,2011,1,4.8125,1,1
10203623,11,2010,1,2.25,0,0
10203744,8,2010,1,0,0,0
10203744,9,2010,1,1.625,0,1
10204101,1,2011,1,.1875,0,0
10204136,9,2019,4,6.4375,1,1
10204137,2,2020,4,6.3333335,1,1
10204138,4,2017,3,9.625,1,1
10204138,6,2019,4,4.375,1,1
10204139,6,2016,3,3.375,1,1
10204139,1,2020,4,6.5,1,1
10204139,12,2019,4,7,1,1
10204140,2,2017,3,5.4375,1,1
10204140,8,2019,4,.4375,0,0
10204141,12,2016,3,8.1875,1,2
10204322,10,2010,1,3.1875,1,0
10204453,3,2011,1,1.125,0,0
10204586,6,2010,1,.5,0,0
10204723,7,2010,1,.375,0,0
10205141,2,2020,4,8.625,1,1
10205142,4,2017,3,11.875,1,2
10205142,5,2019,4,4.9166665,1,1
10205143,7,2016,3,3.6875,1,1
10205144,3,2017,3,10.8125,1,2
10205202,3,2010,1,16.4375,1,2
10205507,10,2010,1,.75,0,0
10220027,2,2011,1,0,0,0
10220103,9,2010,1,.5,0,0
10220103,9,2013,2,2.6666667,0,1
10220143,12,2019,4,3.1875,1,1
10220144,10,2019,4,1.375,0,0
10220145,9,2016,3,4.5,1,1
10220145,2,2020,4,4.125,1,0
10220146,3,2017,3,7.1875,1,1
10220146,7,2019,4,4.8125,1,1
10220147,5,2016,3,2,0,0
10220147,2,2020,4,4.6875,1,1
10220521,8,2010,1,1.25,0,0
10220705,4,2010,1,1,0,0
10301026,3,2011,1,1.875,0,0
10301148,5,2016,3,11.875,1,2
10301148,9,2019,4,1.9375,0,1
10301149,1,2017,3,8,1,1
10301149,3,2020,4,6.625,1,0
10301150,10,2016,3,7.6875,1,1
10301150,6,2019,4,5.125,1,1
10301151,4,2017,3,6.6875,1,1
10301151,1,2020,4,6.6875,1,1
10301306,1,2011,1,.8125,0,0
10301347,10,2010,1,2.375,0,1
10301663,5,2010,1,6,1,1
10301741,11,2010,1,.9375,0,0
10302010,6,2010,1,2.375,0,1
10302010,7,2013,2,5.8125,1,1
10302152,6,2016,3,6.25,1,1
10302152,8,2019,4,3.1875,1,1
10302153,2,2017,3,10.333333,1,1
10303153,3,2020,4,8.25,1,1
10303154,1,2017,3,3,0,1
10303454,12,2010,1,1.0625,0,0
10304012,3,2010,1,5.125,1,1
10304154,5,2019,4,14.3125,1,2
10304155,4,2017,3,5.8125,1,1
10304155,11,2019,4,5.6363635,1,1
10304156,7,2016,3,10.142858,1,1
10304360,1,2011,1,3.625,1,1
10304625,10,2010,1,1.25,0,1
10305156,10,2019,4,3.9375,1,0
10305157,3,2017,3,8.875,1,1
10305158,9,2016,3,11.0625,1,2
10305446,8,2010,1,5.4000001,1,1
10306157,8,2019,4,7.909091,1,1
10306158,1,2020,4,7.4666667,1,1
10306159,3,2017,3,12.4375,1,2
10306160,5,2016,3,6.5,1,1
10306417,1,2011,1,3.875,1,1
10306431,11,2010,1,.8125,0,0
10307159,9,2019,4,1.75,0,0
10307161,1,2017,3,8.125,1,1
10307413,5,2010,1,5.4375,1,1
10308129,12,2010,1,3.3125,1,0
10308160,3,2020,4,7.0625,1,1
10308162,10,2016,3,9.125,1,1
10308636,9,2010,1,.93333334,0,0
10308636,9,2013,2,3.1875,1,1
10309161,6,2019,4,5.4375,1,1
10309162,2,2020,4,7.125,1,1
10309163,4,2017,3,11.75,1,1
10309164,6,2016,3,14.083333,1,2
10309273,3,2011,1,1.3125,0,0
10309281,11,2010,1,1.875,0,0
10310163,8,2019,4,4.1875,1,1
10310165,2,2017,3,13,1,2
10310469,6,2010,1,5.375,1,1
10312048,7,2010,1,3.6875,1,0
10312078,1,2011,1,2.625,0,1
10312164,2,2020,4,8.75,1,1
10312165,5,2019,4,2.2142856,0,0
10312166,12,2016,3,4,1,1
10312166,12,2019,4,5.25,1,1
10312167,4,2017,3,10.4375,1,1
10312167,10,2019,4,.5625,0,0
10312168,6,2016,3,4.5,1,1
10312169,3,2017,3,5.25,1,1
10312187,11,2010,1,3.6875,1,1
10312600,3,2010,1,10.125,1,1
10320168,3,2020,4,8.75,1,1
10320170,9,2016,3,9.8125,1,1
10320171,3,2017,3,4.5,1,1
10320227,11,2010,1,1.0625,0,0
10401140,8,2010,1,2.625,0,1
10401169,8,2019,4,3,0,1
10401169,9,2019,4,5,1,1
10401170,5,2019,4,4.1875,1,1
10401171,12,2019,4,12.5625,1,2
10401172,1,2017,3,10.25,1,1
10401172,8,2019,4,3.0625,1,1
10401173,9,2016,3,9.9375,1,1
10401173,4,2019,4,4.1875,1,1
10401174,4,2017,3,6.625,1,1
10401174,12,2019,4,1.5,0,0
10401175,5,2016,3,7.75,1,1
10401176,3,2017,3,11.8125,1,2
10401177,10,2016,3,8.4375,1,1
10401178,4,2017,3,9.8125,1,1
10401179,6,2016,3,5.25,1,1
10401180,3,2017,3,9.375,1,1
10401212,9,2010,1,1.5625,0,0
10401424,10,2010,1,2.9375,0,1
10401502,4,2010,1,7,1,1
10401522,9,2010,1,3.625,1,1
10401541,3,2011,1,1.625,0,0
10401604,6,2010,1,1.1875,0,0
10401635,1,2011,1,2.6875,0,1
10401742,11,2010,1,3.125,1,1
10402181,8,2016,3,2.9000001,0,1
10402537,11,2010,1,1.75,0,1
10403175,9,2019,4,2.875,0,1
10403176,4,2020,4,1.4166666,0,0
10403177,6,2019,4,1.3333334,0,0
10403182,3,2017,3,11.4375,1,1
10403183,4,2016,3,6.125,1,1
10403332,5,2010,1,5.875,1,1
10403488,2,2011,1,1.5625,0,0
10404178,2,2020,4,4.875,1,0
10404179,8,2019,4,3.1875,1,0
10404184,1,2017,3,5.0625,1,1
10404185,10,2016,3,5.375,1,1
10404186,9,2010,1,1.6875,0,0
10404186,4,2017,3,2.375,0,1
10404707,12,2010,1,1.875,0,0
10405180,3,2020,4,8,1,1
10405181,5,2019,4,3.7142856,1,1
10405187,6,2016,3,3.125,1,1
10405213,7,2010,1,4.5999999,1,1
10405404,3,2011,1,2.9375,0,1
10407068,1,2011,1,1.125,0,0
10407182,12,2019,4,4.875,1,1
10407183,8,2019,4,2.3125,0,1
10407184,3,2020,4,2.6875,0,1
10407188,3,2017,3,8.5625,1,1
10407189,11,2016,3,6.9000001,1,1
10407190,4,2017,3,7.181818,1,1
10407194,7,2010,1,.75,0,0
10407628,1,2011,1,.4375,0,0
10408185,4,2019,4,8.0625,1,1
10408191,6,2016,3,6.6875,1,1
10408192,3,2017,3,7.6875,1,1
10408441,4,2010,1,7.375,1,1
10409186,11,2019,4,8.3999996,1,2
10409468,10,2010,1,1.75,0,1
10410187,9,2019,4,2.875,0,0
10420001,9,2010,1,1.5625,0,0
10420035,5,2010,1,4.3125,1,1
10420080,2,2011,1,0,0,0
10420188,6,2019,4,2.5625,0,0
10420189,1,2020,4,2.5,0,0
10420193,8,2016,3,3.9000001,1,1
10420194,3,2017,3,8.625,1,1
10420195,4,2016,3,9.1875,1,1
10501055,2,2011,1,6.25,1,1
10501190,9,2019,4,5.6875,1,1
10501191,6,2019,4,7.2666669,1,2
10501192,2,2020,4,9.6875,1,1
10501196,3,2017,3,11.4375,1,2
10501197,5,2016,3,10.0625,1,1
10501198,2,2017,3,9.3999996,1,2
10501199,10,2016,3,8.1875,1,1
10501216,11,2010,1,1.5,0,0
10501505,9,2010,1,5.0625,1,0
10501709,4,2010,1,4,1,1
10502043,12,2010,1,4.3125,1,1
10502193,8,2019,4,5.25,1,1
10502194,3,2020,4,8.3125,1,1
10502195,5,2019,4,5.8125,1,1
10502196,12,2019,4,4.1875,1,1
10502197,10,2019,4,1.7333333,0,0
10502200,4,2017,3,8.625,1,1
10502201,6,2016,3,4.1875,1,1
10502202,2,2017,3,7.3333335,1,1
10502203,11,2016,3,4.75,1,1
10502268,6,2010,1,1.625,0,0
10502268,6,2013,2,2.0625,0,0
10502439,10,2010,1,3,0,0
10502593,10,2010,1,5.625,1,1
10502730,3,2011,1,3,0,1
10503204,4,2017,3,8.6875,1,1
10503205,9,2016,3,6.3125,1,1
10503206,7,2016,3,3.4285715,1,1
10503211,1,2011,1,5.3125,1,1
10503367,3,2010,1,8.3125,1,1
10504198,7,2019,4,6.125,1,1
10504207,2,2017,3,7.6428571,1,1
10505136,5,2010,1,2.1875,0,1
10505151,2,2011,1,3.3125,1,1
10505199,1,2020,4,9.625,1,1
10505200,9,2019,4,5.5625,1,1
10505201,6,2019,4,6.875,1,1
10505208,3,2017,3,10.375,1,1
10505209,5,2016,3,6,1,1
10505210,2,2017,3,11.0625,1,1
10505231,11,2010,1,5.625,1,0
10505310,7,2010,1,2.75,0,1
10505310,8,2013,2,.8125,0,0
10505508,9,2010,1,2.6875,0,1
10506127,3,2011,1,3.0625,1,1
10506202,2,2020,4,4.9375,1,1
10506203,8,2019,4,5.5,1,1
10506204,3,2020,4,4.625,1,1
10506211,10,2016,3,9.5,1,1
10506212,4,2017,3,13,1,2
10506548,11,2010,1,6,1,0
10507175,10,2010,1,3.75,1,1
10507205,5,2019,4,7.5625,1,0
10507213,6,2016,3,4.3125,1,1
10507214,3,2017,3,14.8,1,2
10507344,7,2010,1,3.75,1,1
10508206,12,2019,4,6.125,1,1
10508207,10,2019,4,11.9375,1,2
10508215,12,2016,3,11.1875,1,2
10508216,4,2017,3,12,1,2
10508369,10,2010,1,5.625,1,1
10509208,4,2020,4,7.3125,1,1
10509217,7,2016,3,3.3333333,1,0
10509319,3,2010,1,2.75,0,1
10509474,1,2011,1,7.1875,1,1
10510209,7,2019,4,7.5625,1,1
10510218,3,2017,3,8.375,1,1
10510388,7,2010,1,2,0,1
10520219,9,2016,3,4.9375,1,1
10601211,7,2019,4,5.5,1,1
10601212,2,2020,4,2.8125,0,1
10601220,5,2016,3,7.8125,1,1
10601221,4,2017,3,5.25,1,1
10601222,2,2017,3,8.9375,1,1
10601222,5,2016,3,7.625,1,1
10601223,10,2016,3,10.3125,1,1
10601224,4,2017,3,4.8125,1,1
10601225,2,2017,3,7.1875,1,1
10601226,10,2016,3,9.625,1,1
10601227,4,2017,3,5.4375,1,1
10601228,2,2017,3,5.8125,1,1
10601229,10,2016,3,3.5625,1,1
10620230,6,2016,3,4.875,1,1
10731213,9,2019,4,3.2666667,1,1
10731231,9,2016,3,8,1,1
10732047,1,2011,1,1.0625,0,0
10732070,9,2010,1,1.75,0,0
10732192,5,2010,1,2,0,0
10732192,5,2013,2,1,0,0
10732214,3,2020,4,4.5625,1,0
10732232,3,2017,3,3.125,1,1
10732233,4,2016,3,5.4375,1,1
10733215,6,2019,4,5.125,1,1
10733234,1,2017,3,2,0,1
10733235,9,2016,3,3.2666667,1,1
10733465,12,2010,1,.8125,0,0
10733640,9,2010,1,.3125,0,0
10734216,12,2019,4,8.6428576,1,1
10734217,8,2019,4,2.1875,0,1
10734236,4,2017,3,7.1875,1,1
10734237,6,2016,3,5,1,1
10734238,1,2017,3,3.8571429,1,0
10734239,10,2016,3,4.5333333,1,1
10734370,10,2010,1,1.1875,0,0
10734370,10,2013,2,1.9285715,0,1
10734393,3,2011,1,3.4375,1,0
10734407,10,2010,1,1.25,0,0
10734762,7,2010,1,1.1875,0,0
10735130,1,2011,1,.125,0,0
10735173,4,2010,1,2.4375,0,0
10735173,5,2013,2,3.0714285,1,1
10735240,4,2017,3,2.875,0,1
10735241,7,2016,3,5.1875,1,1
10736053,2,2011,1,.375,0,0
10736174,11,2010,1,.3125,0,0
10736218,2,2020,4,2.5,0,0
10736242,2,2017,3,3.5,1,1
10736243,8,2016,3,1.5,0,0
10736244,3,2017,3,4.8125,1,1
10736245,5,2016,3,6.6363635,1,1
10736377,4,2010,1,2.75,0,1
10736466,11,2010,1,2.1875,0,0
10736596,8,2010,1,1.625,0,0
10737199,12,2010,1,3.0625,1,0
10737219,5,2019,4,4.5625,1,0
10737220,11,2019,4,3.8571429,1,1
10737221,9,2019,4,3.5,1,0
10737246,1,2017,3,1.0666667,0,0
10738222,4,2020,4,6.375,1,1
10738223,6,2019,4,2.9230769,0,1
10738224,1,2020,4,9.125,1,1
10738247,10,2016,3,1.875,0,0
10739225,9,2019,4,1.375,0,0
10739226,3,2020,4,6.625,1,1
10739248,4,2017,3,3.3125,1,0
10739309,3,2011,1,.375,0,0
10740227,6,2019,4,2.875,0,0
10740228,12,2019,4,4.4375,1,0
10740229,8,2019,4,1.75,0,0
10740230,2,2020,4,6.3333335,1,1
10741231,4,2019,4,5.1333332,1,1
10741249,6,2016,3,3.125,1,1
10741504,7,2010,1,4.3125,1,1
10743232,11,2019,4,5.3333335,1,1
10743250,2,2017,3,2.7333333,0,1
10744039,10,2010,1,1.4375,0,0
10744154,1,2011,1,1.5,0,0
10744233,10,2019,4,5.0666666,1,1
10744251,11,2016,3,4.7333331,1,1
10744252,4,2017,3,7.125,1,1
10744253,7,2016,3,3.4375,1,1
10744649,10,2010,1,1.4375,0,1
10744649,10,2013,2,2.2,0,1
10745234,4,2020,4,4.6875,1,1
10745235,7,2019,4,3.1875,1,1
10745236,1,2020,4,4.1333332,1,1
10746033,4,2010,1,2,0,1
10746033,4,2013,2,15.636364,1,2
10746244,7,2010,1,2.375,0,1
10746254,3,2017,3,7.1875,1,1
20101014,4,2010,1,4.1875,1,1
20101237,9,2019,4,2.125,0,0
20101255,5,2016,3,6.75,1,1
20101256,2,2017,3,10.333333,1,1
20101387,2,2011,1,2.5625,0,1
20102238,3,2020,4,12.6875,1,2
20102257,10,2016,3,10.8,1,2
20102311,11,2010,1,2.5625,0,1
20103239,7,2019,4,1.5625,0,0
20103258,4,2017,3,6.75,1,1
20103365,10,2010,1,5.125,1,1
20104240,12,2019,4,8.6875,1,1
20105073,3,2011,1,2.5625,0,1
20105181,6,2010,1,2.125,0,1
20105259,7,2016,3,6.3125,1,1
20105260,2,2017,3,11.9375,1,1
20106042,9,2010,1,2.3125,0,1
20106241,8,2019,4,7.375,1,1
20106242,2,2020,4,15.25,1,2
20106261,12,2016,3,10.875,1,2
20107243,5,2019,4,4.1875,1,1
20107262,4,2017,3,5.3333335,1,1
20107263,7,2016,3,9.25,1,1
20107490,10,2010,1,2,0,1
20107615,1,2011,1,3.1875,1,1
20108264,3,2017,3,6.875,1,1
20108739,3,2010,1,10.0625,1,1
20109244,11,2019,4,9.375,1,1
20109245,10,2019,4,6.0625,1,1
20109265,9,2016,3,4.3125,1,1
20109486,11,2010,1,3.4375,1,1
20109653,10,2010,1,2.1875,0,1
20110170,2,2011,1,2.4375,0,1
20110246,3,2020,4,9.125,1,1
20110266,3,2017,3,3.8125,1,1
20110267,5,2016,3,7,1,1
20110268,2,2017,3,7.375,1,1
20110620,5,2010,1,2,0,1
20111107,2,2011,1,3.375,1,1
20111107,3,2011,1,3.75,1,1
20111269,10,2016,3,12.4375,1,2
20111270,4,2017,3,5.9375,1,1
20111271,6,2016,3,5.25,1,1
20111530,1,2011,1,3.5625,1,1
20111718,8,2010,1,2.3125,0,1
20111718,9,2013,2,7.5,1,2
20112247,7,2019,4,4.75,1,1
20112272,2,2017,3,12.625,1,1
20112273,12,2016,3,10.4375,1,1
20112274,4,2017,3,12.3125,1,2
20112290,12,2010,1,4.3125,1,1
20112334,7,2010,1,4.125,1,1
20112661,6,2010,1,2.375,0,0
20112661,7,2013,2,5.3157897,1,1
20113112,3,2010,1,2.5,0,1
20113248,1,2020,4,11,1,1
20113275,7,2016,3,4.3125,1,1
20113276,3,2017,3,8.5625,1,1
20113529,1,2011,1,2.25,0,1
20115249,9,2019,4,7.9375,1,1
20115434,7,2010,1,1.875,0,1
20119250,3,2020,4,16.625,1,2
20120081,12,2010,1,1.6666666,0,1
20120251,12,2019,4,8.125,1,1
20120277,9,2016,3,10.4375,1,2
20120278,3,2017,3,3.0625,1,1
20121252,6,2019,4,3.125,1,1
20121252,7,2019,4,3.125,1,1
20121253,11,2019,4,14.875,1,2
20122254,8,2019,4,7,1,1
20123255,2,2020,4,11.090909,1,1
20123256,5,2019,4,2.8125,0,1
20123257,1,2020,4,9.375,1,1
20124258,10,2019,4,5.25,1,1
20126259,3,2020,4,13.3125,1,2
20127260,7,2019,4,3.75,1,0
20201109,11,2010,1,2,0,1
20201206,3,2011,1,2.125,0,0
20201261,9,2019,4,3.0625,1,1
20201262,5,2019,4,5.8125,1,0
20201263,12,2019,4,1.9375,0,0
20201264,12,2010,1,1.5333333,0,1
20201264,8,2019,4,5.625,1,1
20201265,2,2020,4,7.75,1,1
20201266,5,2019,4,8.1875,1,2
20201269,6,2010,1,3.875,1,0
20201279,5,2016,3,6.125,1,1
20201280,1,2017,3,5.875,1,1
20201281,9,2016,3,.875,0,0
20201282,4,2017,3,2.75,0,1
20201283,5,2016,3,7.5,1,1
20201284,3,2017,3,6.875,1,1
20201285,12,2016,3,6.125,1,1
20201354,9,2010,1,.71428573,0,0
20201450,5,2010,1,2.3076923,0,0
20201646,7,2010,1,1.5,0,0
20202267,11,2019,4,5.4375,1,1
20202268,9,2019,4,3.875,1,1
20202268,10,2019,4,7,1,1
20202286,4,2017,3,6.0625,1,1
20202343,1,2011,1,.8125,0,0
20203135,10,2010,1,3.3125,1,1
20203269,3,2020,4,5.0833335,1,1
20203287,6,2016,3,3.9375,1,1
20203288,3,2017,3,4,1,1
20203289,9,2016,3,5.5999999,1,1
20203290,3,2017,3,7.5333333,1,1
20203291,4,2016,3,11.375,1,1
20203494,4,2010,1,6.5625,1,0
20203656,9,2010,1,4.1875,1,0
20203694,2,2011,1,1.8125,0,0
20204124,6,2010,1,1.5625,0,0
20204270,6,2019,4,8.3125,1,0
20204271,1,2020,4,7.4375,1,1
20204272,9,2019,4,8.0625,1,1
20204292,1,2017,3,7.5625,1,1
20204293,10,2016,3,3.7,1,1
20204712,11,2010,1,.8125,0,0
20205207,9,2010,1,3.875,1,1
20205207,10,2013,2,3.7222223,1,1
20205273,3,2020,4,5.6875,1,1
20205294,4,2017,3,8.5,1,1
20205295,6,2016,3,6.25,1,1
20205296,2,2017,3,11.9375,1,1
20205297,10,2016,3,9.5,1,1
20205298,4,2017,3,6.4375,1,1
20205484,9,2010,1,4.375,1,0
20205525,1,2011,1,4.4375,1,1
20205634,10,2010,1,5.25,1,1
20205700,3,2011,1,1.75,0,1
20205721,6,2010,1,3.0625,1,0
20206243,10,2010,1,.5,0,0
20206274,5,2019,4,10.1875,1,2
20206275,12,2019,4,7.3125,1,1
20206276,8,2019,4,9.25,1,1
20206277,2,2020,4,7.5625,1,1
20206278,4,2019,4,7.4444447,1,1
20206279,11,2019,4,8.5,1,1
20206280,10,2019,4,9.9375,1,1
20206299,7,2016,3,8.9375,1,1
20206300,3,2017,3,15.6875,1,2
20206362,4,2010,1,3.5625,1,1
20206362,4,2013,2,1.1111112,0,0
20207282,6,2019,4,3.875,1,1
20220038,2,2011,1,.5,0,0
20220153,9,2010,1,.1875,0,0
20220283,1,2020,4,4.8125,1,1
20220301,9,2016,3,5.5625,1,1
20220302,3,2017,3,5.4375,1,1
20301075,2,2011,1,1.4375,0,0
20301284,9,2019,4,9,1,1
20301303,3,2017,3,7.3125,1,1
20301304,5,2016,3,6.0625,1,1
20302285,3,2020,4,7.4375,1,1
20302286,6,2019,4,10.0625,1,1
20302305,1,2017,3,10.125,1,1
20302305,2,2017,3,9.375,1,2
20302306,10,2016,3,5.3125,1,1
20302432,12,2010,1,4,1,0
20302539,4,2010,1,4.5625,1,1
20302592,11,2010,1,2.9375,0,0
20303065,6,2010,1,1.5625,0,0
20303065,6,2013,2,1.1111112,0,0
20303287,1,2020,4,5.625,1,1
20303288,8,2019,4,5.25,1,1
20303289,3,2020,4,10.9375,1,1
20303290,5,2019,4,6.1875,1,1
20303291,12,2019,4,10.9375,1,2
20303292,10,2019,4,8.5625,1,1
20303307,4,2017,3,7.9166665,1,1
20303308,6,2016,3,6.375,1,1
20303309,2,2017,3,6.9375,1,1
20303447,3,2011,1,1.125,0,0
20303654,12,2010,1,1.4375,0,0
20304084,7,2010,1,.6875,0,0
20304164,10,2010,1,4.75,1,0
20304285,1,2011,1,1.1875,0,0
20304293,7,2019,4,7.25,1,1
20304294,2,2020,4,10.3,1,1
20304310,1,2017,3,8.25,1,1
20304311,4,2017,3,2.8125,0,1
20304312,7,2016,3,5.1999998,1,1
20304313,2,2017,3,11.5,1,1
20304314,3,2010,1,13.133333,1,2
20304314,9,2016,3,8.375,1,1
20304315,3,2017,3,7.375,1,1
20304662,2,2011,1,2.375,0,1
20304680,11,2010,1,3,0,0
20305023,12,2010,1,5.5625,1,1
20305172,9,2010,1,3,0,0
20305295,9,2019,4,9.625,1,1
20305296,6,2019,4,8.3125,1,1
20305297,12,2019,4,8.875,1,1
20305298,8,2019,4,5.625,1,1
20305299,3,2020,4,5.5625,1,1
20305301,8,2010,1,.9375,0,0
20305316,5,2016,3,8.4375,1,1
20305317,2,2017,3,10.0625,1,1
20305318,10,2016,3,6.5,1,1
20305319,4,2017,3,7.5833335,1,1
20305320,6,2016,3,3.25,1,1
20305321,2,2017,3,9.25,1,1
20305340,7,2010,1,2.75,0,1
20305382,3,2011,1,4.1875,1,1
20305717,5,2010,1,2.1875,0,0
20306272,1,2011,1,2.75,0,1
20306296,3,2010,1,10.875,1,1
20306300,5,2019,4,11.4375,1,1
20306322,1,2017,3,6.875,1,1
20306323,4,2017,3,6.9375,1,1
20306324,7,2016,3,3,0,1
20306325,2,2017,3,16.0625,1,2
20306433,7,2010,1,.8125,0,0
20306557,7,2010,1,.9375,0,0
20306557,8,2013,2,2.6363637,0,1
20307301,12,2019,4,5.8125,1,1
20307302,10,2019,4,10.75,1,2
20307303,7,2019,4,5,1,1
20320304,1,2020,4,4.5,1,1
20320326,9,2016,3,2.3333333,0,1
20320675,8,2010,1,1.1875,0,0
20401171,2,2011,1,2.5625,0,1
20401305,9,2019,4,4.5,1,1
20401306,6,2019,4,4.25,1,1
20401327,3,2017,3,4.8125,1,1
20401328,5,2016,3,11.375,1,2
20401329,2,2017,3,9.1875,1,1
20401627,11,2010,1,3.0625,1,1
20401737,4,2010,1,5.9375,1,1
20402045,3,2011,1,1.8125,0,1
20402072,10,2010,1,1.4375,0,0
20402198,9,2010,1,1.75,0,1
20402201,6,2010,1,2,0,1
20402298,9,2010,1,2.25,0,1
20402307,1,2020,4,7.875,1,1
20402308,8,2019,4,6,1,1
20402309,3,2020,4,6.625,1,1
20402310,5,2019,4,5.875,1,1
20402311,11,2019,4,4.375,1,1
20402330,10,2016,3,10.625,1,1
20402331,4,2017,3,8.3125,1,1
20402332,6,2016,3,9.4375,1,1
20402333,2,2017,3,12.1875,1,2
20402334,12,2016,3,5.8125,1,1
20403049,1,2011,1,1.875,0,1
20403312,9,2019,4,6.8125,1,1
20403313,6,2019,4,3.25,1,1
20403335,4,2017,3,3.9375,1,1
20403336,7,2016,3,6.9375,1,1
20403337,2,2017,3,5.875,1,1
20403338,9,2016,3,5.875,1,1
20403668,3,2010,1,9.875,1,1
20403697,10,2010,1,4.75,1,1
20404032,4,2010,1,3.9375,1,1
20404032,5,2013,2,.5,0,0
20404314,1,2020,4,7.6875,1,1
20404315,9,2019,4,9.5333338,1,2
20404316,4,2020,4,8.9375,1,2
20404339,3,2017,3,5.5833335,1,1
20404340,5,2016,3,8.875,1,1
20404341,2,2017,3,6,1,1
20404342,10,2016,3,7.4375,1,1
20404509,11,2010,1,2.125,0,1
20404575,8,2010,1,2.25,0,1
20404575,9,2013,2,2,0,1
20404660,1,2011,1,4.0625,1,1
20405132,12,2010,1,3.25,1,1
20405317,6,2019,4,3.375,1,1
20405318,1,2020,4,18.625,2,2
20405319,8,2019,4,7.0625,1,1
20405320,2,2020,4,10.125,1,2
20405343,4,2017,3,5.625,1,1
20405344,6,2016,3,8.0625,1,1
20405345,2,2017,3,5.25,1,1
20405366,6,2010,1,2,0,1
20405704,3,2011,1,2.75,0,1
20406177,12,2010,1,2.5625,0,1
20406321,5,2019,4,6.25,1,1
20406322,12,2019,4,10.375,1,1
20406323,9,2019,4,2.1538463,0,1
20406346,12,2016,3,7.3125,1,1
20406347,4,2017,3,5.125,1,1
20406348,1,2011,1,2.1333334,0,1
20406348,7,2016,3,9.625,1,1
20406598,6,2010,1,1.75,0,1
20407324,6,2019,4,9.4375,1,1
20407349,2,2017,3,8.0625,1,1
20407398,7,2010,1,1.75,0,1
20407398,8,2013,2,3.1904762,1,0
20407481,3,2010,1,2.75,0,1
20407481,4,2010,1,3,0,1
20407481,5,2013,2,1.875,0,1
20421229,8,2010,1,1.75,0,1
20421325,1,2020,4,5.6875,1,1
20421350,9,2016,3,3.375,1,1
20501111,9,2010,1,5.375,1,1
20501326,8,2019,4,4,1,1
20501327,3,2020,4,5.5,1,1
20501328,6,2019,4,9,1,1
20501330,5,2010,1,1.375,0,0
20501351,5,2016,3,5.875,1,1
20501352,1,2017,3,8.9375,1,2
20501353,10,2016,3,6.8125,1,1
20501664,11,2010,1,3,0,1
20502159,11,2010,1,4.4375,1,1
20502240,2,2011,1,.6875,0,0
20502329,12,2019,4,9,1,1
20502330,8,2019,4,5.0625,1,1
20502331,3,2020,4,6.0625,1,1
20502332,5,2019,4,5.375,1,1
20502354,3,2017,3,8.5625,1,2
20502355,6,2016,3,6.0625,1,1
20502356,2,2017,3,7,1,1
20502357,12,2016,3,8.9375,1,1
20502740,6,2010,1,2.0625,0,1
20502758,7,2010,1,1.9375,0,0
20503239,4,2010,1,10.125,1,1
20503333,11,2019,4,8.5625,1,1
20503358,4,2017,3,8.1875,1,1
20503476,2,2011,1,2.8125,0,1
20504334,10,2019,4,6.5,1,1
20504335,4,2020,4,2.375,0,0
20504359,7,2016,3,6.75,1,1
20504360,3,2017,3,7.9375,1,2
20504373,10,2010,1,5.1875,1,1
20504729,10,2010,1,4.625,1,1
20505317,4,2010,1,3,0,1
20505336,7,2019,4,11.0625,1,1
20505337,1,2020,4,10.375,1,1
20505361,9,2016,3,9.875,1,1
20505362,3,2017,3,7.375,1,1
20505363,5,2016,3,10.1875,1,1
20505648,2,2011,1,3.8125,1,1
20506338,9,2019,4,5.125,1,1
20506339,3,2020,4,3,0,1
20506364,1,2017,3,8.125,1,1
20506412,12,2010,1,3,0,1
20507089,9,2010,1,3,0,1
20507340,6,2019,4,11.875,1,2
20507341,12,2019,4,4.6875,1,1
20507342,8,2019,4,8.375,1,1
20507343,3,2020,4,6.8125,1,1
20507365,12,2016,3,10.375,1,2
20507366,3,2017,3,6,1,1
20507367,6,2016,3,11.0625,1,1
20507368,2,2017,3,7.5625,1,1
20507369,12,2016,3,8.4666662,1,2
20507371,2,2011,1,4.1875,1,1
20507422,9,2010,1,2.25,0,0
20507459,6,2010,1,.5625,0,0
20507571,7,2010,1,1.0625,0,0
20508344,5,2019,4,5.625,1,1
20508345,12,2019,4,10.9375,1,2
20508349,4,2010,1,3.9375,1,1
20508349,5,2013,2,2.4545455,0,1
20508370,4,2017,3,7.625,1,1
20508547,2,2011,1,4.75,1,1
20509346,10,2019,4,6.625,1,1
20509371,7,2016,3,6.375,1,1
20510584,10,2010,1,.9375,0,0
20520255,2,2011,1,.5625,0,0
20520347,7,2019,4,3.5,1,0
20520372,9,2016,3,1.6875,0,0
20520373,3,2017,3,2.8125,0,1
20520582,11,2010,1,2.625,0,0
20521348,1,2020,4,4.9333334,1,1
20521374,3,2017,3,8.875,1,1
20601141,5,2010,1,.4375,0,0
20601349,9,2019,4,4.0625,1,1
20601350,3,2020,4,4.125,1,1
20601351,6,2019,4,3.75,1,1
20601375,9,2016,3,6.6875,1,1
20601376,3,2017,3,5.875,1,1
20601377,5,2016,3,2.5714285,0,1
20601626,8,2010,1,.3125,0,0
20601626,9,2013,2,2.8125,0,1
20601658,11,2010,1,2,0,1
20601701,1,2011,1,.66666669,0,0
20602352,11,2019,4,12.0625,1,2
20602353,8,2019,4,6.9375,1,1
20602354,2,2020,4,11.875,1,1
20602355,5,2019,4,13.75,1,2
20602363,9,2010,1,1.9333333,0,1
20602378,1,2017,3,18.6875,2,2
20602379,10,2016,3,13,1,2
20602380,4,2017,3,7.5625,1,2
20602381,5,2016,3,8.1875,1,1
20602479,6,2010,1,1.375,0,0
20602607,11,2010,1,2.25,0,1
20602617,2,2011,1,1.6,0,1
20603090,7,2010,1,4.3333335,1,1
20603090,8,2013,2,7.1999998,1,1
20603121,1,2011,1,.875,0,0
20603133,11,2010,1,3.625,1,0
20603189,3,2010,1,6.9375,1,1
20603337,7,2010,1,.5,0,0
20603356,11,2019,4,10.5,1,1
20603357,9,2019,4,10,1,1
20603382,2,2017,3,7.125,1,1
20603383,11,2016,3,7.7692308,1,1
20603384,4,2017,3,11.4375,1,2
20603385,6,2016,3,4.0833335,1,1
20603386,2,2017,3,8.6875,1,1
20603387,9,2016,3,5.375,1,1
20603388,3,2017,3,7.875,1,1
20603455,2,2011,1,0,0,0
20603533,6,2010,1,1.9285715,0,0
20603533,6,2013,2,3,0,1
20604071,12,2010,1,2.3125,0,0
20604358,3,2020,4,7.3000002,1,2
20604359,7,2019,4,11.5625,1,2
20604376,3,2011,1,2.1333334,0,0
20604389,4,2016,3,14.875,1,2
20604390,1,2017,3,15.0625,1,2
20604391,10,2016,3,5.25,1,1
20604638,8,2010,1,1.4375,0,0
20605302,6,2010,1,1.5,0,0
20605360,1,2020,4,28.933332,2,2
20605361,9,2019,4,7.8125,1,1
20605362,3,2020,4,7.125,1,1
20605392,4,2017,3,6.75,1,1
20606168,11,2010,1,2.6875,0,1
20606297,10,2010,1,3.125,1,1
20606363,5,2019,4,7.25,1,1
20606364,12,2019,4,11.3125,1,1
20606365,8,2019,4,8.9375,1,1
20606393,5,2016,3,4.375,1,1
20606394,2,2017,3,17.5625,1,2
20606395,12,2016,3,11.375,1,2
20607260,7,2010,1,.9375,0,0
20607260,9,2013,2,4.1428571,1,1
20607315,3,2010,1,3.5454545,1,1
20607315,4,2013,2,3.8,1,1
20607366,3,2020,4,15.533334,1,2
20607396,4,2017,3,7.1875,1,1
20607397,6,2016,3,4.0625,1,1
20607733,1,2011,1,.6875,0,0
20608367,4,2019,4,9.9375,1,1
20608368,11,2019,4,8.4375,1,1
20608369,9,2019,4,13.1875,1,1
20608398,2,2017,3,10.6875,1,2
20608499,11,2010,1,1.3125,0,0
20609370,3,2020,4,8.5,1,1
20609371,7,2019,4,5.125,1,1
20609399,9,2016,3,5.875,1,1
20609754,2,2011,1,1.9375,0,0
20610050,5,2010,1,4.9375,1,0
20610050,6,2013,2,7.5882354,1,1
20610249,9,2010,1,2.25,0,0
20610372,1,2020,4,11.625,1,1
20610400,3,2017,3,6.5625,1,1
20610401,4,2016,3,8.9375,1,1
20611336,12,2010,1,1.625,0,0
20611373,8,2019,4,11.1875,1,1
20611402,1,2017,3,1.625,0,0
20612374,3,2020,4,9.5,1,1
20612375,6,2019,4,7.25,1,1
20612403,10,2016,3,7.6875,1,1
20612564,3,2011,1,1.1875,0,0
20613324,6,2010,1,1.125,0,0
20613376,11,2019,4,3.7333333,1,1
20613404,4,2017,3,3.5625,1,0
20614377,8,2019,4,4.5625,1,1
20614405,5,2016,3,5.8461537,1,1
20614406,2,2017,3,12.25,1,1
20614477,9,2010,1,2.8125,0,1
20614477,10,2013,2,3,0,1
20614589,10,2010,1,3.3125,1,1
20615064,4,2010,1,6.375,1,1
20615064,4,2013,2,6.8888888,1,1
20615378,2,2020,4,3.8125,1,1
20615407,11,2016,3,7.7142859,1,1
20615408,4,2017,3,6.25,1,1
20615409,6,2016,3,14.375,1,2
20615410,3,2017,3,14.6875,1,2
20615735,7,2010,1,3.0625,1,0
20615735,8,2013,2,4.0666666,1,1
20615752,1,2011,1,.875,0,0
20616379,5,2019,4,4.6875,1,1
20616380,11,2019,4,4.75,1,0
20616381,9,2019,4,9.875,1,1
20617382,4,2020,4,4.9166665,1,1
20617383,7,2019,4,14.6875,1,1
20617384,1,2020,4,7.1875,1,1
20701385,8,2019,4,3.375,1,1
20701386,3,2020,4,7.5,1,1
20701387,5,2019,4,9.833333,1,1
20701411,3,2017,3,5.125,1,1
20701412,5,2016,3,7,1,1
20701527,5,2010,1,2.25,0,0
20701659,3,2011,1,0,0,0
20702011,3,2011,1,2.625,0,1
20702282,6,2010,1,5.090909,1,0
20702388,12,2019,4,7.75,1,1
20702389,8,2019,4,4.125,1,1
20702390,2,2020,4,11.0625,1,1
20702391,5,2019,4,7.375,1,1
20702413,1,2017,3,12.5,1,2
20702414,10,2016,3,10.3125,1,1
20702415,3,2017,3,11,1,2
20702415,4,2017,3,19.875,2,2
20702416,6,2016,3,9.375,1,1
20702417,2,2017,3,17.125,1,2
20702464,11,2010,1,1.5,0,1
20702471,10,2010,1,3.875,1,1
20702542,10,2010,1,3.3125,1,0
20703025,7,2010,1,3.5625,1,0
20703083,11,2010,1,1.25,0,0
20703316,10,2010,1,2.6875,0,1
20703392,11,2019,4,12.125,1,2
20703393,10,2019,4,7.875,1,1
20703418,12,2016,3,16.6875,1,2
20703419,4,2017,3,8.6875,1,2
20703420,6,2016,3,9.5,1,2
20703421,2,2017,3,20.6875,2,2
20703422,9,2016,3,6.3125,1,0
20703565,4,2010,1,4,1,1
20703595,1,2011,1,2.5625,0,1
20704037,11,2010,1,2.875,0,1
20704289,11,2010,1,6.375,1,1
20704353,2,2011,1,5.375,1,1
20704394,6,2019,4,9.5625,1,2
20704395,1,2020,4,12.933333,1,2
20704423,3,2017,3,9.5625,1,1
20704424,5,2016,3,12.3125,1,1
20704425,1,2017,3,20.75,2,2
20704426,10,2016,3,13.6875,1,2
20704738,5,2010,1,5.4375,1,0
20705328,3,2011,1,.5625,0,0
20705372,7,2010,1,1.6875,0,0
20705372,7,2013,2,3.0625,1,1
20705396,9,2019,4,11.4375,1,2
20705397,3,2020,4,10.833333,1,1
20705427,4,2017,3,6.9375,1,1
20705428,6,2016,3,8.625,1,1
20705429,2,2017,3,21.666666,2,2
20705430,12,2016,3,11.0625,1,1
20705431,4,2017,3,3.4375,1,1
20705495,1,2011,1,.8125,0,0
20705652,12,2010,1,4.375,1,1
20705657,10,2010,1,2,0,0
20706163,4,2010,1,1.8125,0,0
20706294,10,2010,1,4.0625,1,1
20706398,6,2019,4,8.6875,1,1
20706399,12,2019,4,14.4375,1,2
20706432,7,2016,3,6.0999999,1,2
20706433,2,2017,3,15.875,1,2
20707400,8,2019,4,13,1,2
20707401,2,2020,4,16.8125,1,2
20707402,5,2019,4,9.0625,1,0
20708403,11,2019,4,18.6875,2,2
20711404,9,2019,4,12.5,1,2
20712405,6,2019,4,10.25,1,1
20720368,8,2010,1,0,0,0
20720368,9,2010,1,0,0,0
20720406,1,2020,4,8,1,1
20720434,9,2016,3,1,0,0
20801046,11,2010,1,3.8,1,1
20801046,10,2013,2,3.5882354,1,1
20801208,5,2010,1,.875,0,0
20801271,11,2010,1,1.625,0,1
20801356,3,2011,1,.3125,0,0
20801407,9,2019,4,6.6875,1,1
20801408,3,2020,4,12.6875,1,1
20801409,6,2019,4,8.8125,1,1
20801410,12,2019,4,15.4,1,2
20801411,8,2019,4,7.5,1,1
20801435,3,2017,3,9.875,1,1
20801436,5,2016,3,11.9375,1,1
20801437,1,2017,3,7.4375,1,1
20801438,10,2016,3,11.3125,1,1
20801439,3,2017,3,10,1,2
20801497,1,2011,1,1.75,0,0
20802019,10,2010,1,3.875,1,1
20802041,8,2010,1,1,0,0
20802412,2,2020,4,21.3125,2,2
20802413,5,2019,4,5.875,1,1
20802440,6,2016,3,5.8125,1,1
20802441,2,2017,3,10.125,1,1
20802501,6,2010,1,3.875,1,1
20803155,1,2011,1,1.875,0,1
20803156,7,2010,1,.13333334,0,0
20803156,8,2013,2,1.7333333,0,0
20803414,11,2019,4,11.0625,1,1
20803415,10,2019,4,9.0625,1,1
20803416,7,2019,4,5.0625,1,1
20803417,1,2020,4,17.799999,1,2
20803442,12,2016,3,11.125,1,1
20803443,4,2017,3,8.5625,1,1
20803444,7,2016,3,6.5,1,1
20803445,2,2017,3,8.625,1,1
20803446,9,2016,3,7.3125,1,1
20803503,1,2011,1,6.1875,1,1
20803599,11,2010,1,2.875,0,0
20803731,3,2010,1,11,1,2
20804405,5,2010,1,3.9375,1,1
20804405,5,2013,2,5.5714288,1,1
20804418,8,2019,4,8.125,1,1
20804418,9,2019,4,8.625,1,1
20804419,3,2020,4,15.625,1,2
20804420,6,2019,4,.4375,0,0
20804447,3,2017,3,11.625,1,1
20804448,5,2016,3,8.4375,1,1
20804449,1,2017,3,12.1875,1,1
20804768,9,2010,1,2.0625,0,0
20805345,12,2010,1,3.75,1,1
20805450,10,2016,3,6.1875,1,1
20806131,6,2010,1,2.625,0,1
20806421,12,2019,4,11.6875,1,1
20806422,8,2019,4,5.1666665,1,1
20806423,2,2020,4,11.25,1,2
20806451,3,2017,3,8.8125,1,1
20806452,6,2016,3,6.1875,1,1
20806546,11,2010,1,3.125,1,1
20806716,3,2011,1,.875,0,0
20807424,5,2019,4,5.375,1,1
20807425,11,2019,4,10.1875,1,1
20807426,10,2019,4,13.625,1,2
20807453,2,2017,3,6.3125,1,1
20807454,12,2016,3,12.3125,1,1
20807455,4,2017,3,8.125,1,1
20807456,7,2016,3,6.3125,1,1
20807711,7,2010,1,3.4375,1,0
20807727,3,2010,1,11.071428,1,2
20807727,4,2013,2,7.1999998,1,1
20807727,5,2013,2,6.909091,1,1
20807728,3,2011,1,1.125,0,0
20808421,7,2010,1,.13333334,0,0
20808421,8,2013,2,3.2380953,1,1
20808427,8,2019,4,9.6875,1,2
20808457,3,2017,3,12.625,1,2
20820318,8,2010,1,.875,0,0
20820428,2,2020,4,8.5,1,1
20820458,9,2016,3,3.6875,1,1
20901232,2,2011,1,6.9375,1,1
20901276,4,2010,1,3.8571429,1,1
20901429,9,2019,4,8.75,1,1
20901459,9,2016,3,8.75,1,1
20901460,3,2017,3,5.75,1,1
20901461,4,2016,3,9.1999998,1,1
20902430,3,2020,4,9.125,1,1
20902431,6,2019,4,6.5,1,1
20902437,3,2011,1,3.5625,1,1
20902449,11,2010,1,1.75,0,0
20902461,9,2010,1,2.5,0,1
20902462,1,2017,3,5.375,1,1
20902463,10,2016,3,6.9375,1,1
20902464,3,2017,3,9.4375,1,1
20903432,12,2019,4,7.4375,1,1
20903433,8,2019,4,3.25,1,1
20903434,3,2020,4,7.625,1,1
20903465,6,2016,3,4,1,0
20903466,2,2017,3,6.25,1,1
20903543,5,2010,1,4.875,1,1
20903543,6,2010,1,4.75,1,1
20903583,9,2010,1,1.625,0,0
20904018,10,2010,1,3.4375,1,1
20904160,3,2010,1,4.375,1,0
20904342,10,2010,1,2.4375,0,1
20904435,5,2019,4,7,1,1
20904436,11,2019,4,8.75,1,1
20904467,11,2016,3,8.6875,1,1
20904468,4,2017,3,6.9375,1,1
20904469,6,2016,3,3.1666667,1,1
20904470,2,2017,3,6.3125,1,1
20904602,1,2011,1,3.1875,1,1
20905295,11,2010,1,5.5,1,1
20905437,9,2019,4,4.75,1,1
20905438,7,2019,4,4.375,1,1
20905471,9,2016,3,7.6875,1,1
20906110,1,2011,1,5,1,1
20906439,1,2020,4,15,1,2
20906472,3,2017,3,5.0625,1,1
20906473,4,2016,3,6.875,1,1
20906474,1,2017,3,7.9375,1,1
20906524,5,2010,1,2.4375,0,1
20906524,6,2013,2,2.4117646,0,1
20906605,8,2010,1,2.375,0,1
20906605,9,2013,2,4.8235292,1,1
20907238,12,2010,1,1,0,0
20907440,9,2019,4,4.375,1,0
20907475,10,2016,3,12.4375,1,2
20908051,7,2010,1,1.75,0,0
20908088,4,2010,1,5.25,1,0
20908119,6,2010,1,3.6875,1,1
20908119,7,2013,2,5.4117646,1,1
20908293,1,2011,1,1.6875,0,0
20908329,12,2010,1,4.1875,1,1
20908441,3,2020,4,9,1,1
20908442,6,2019,4,2.4375,0,0
20908476,4,2017,3,7,1,1
20908477,6,2016,3,7.125,1,1
20908478,1,2017,3,8.5333338,1,1
20908479,12,2016,3,9.3125,1,1
20908480,4,2017,3,8.6875,1,1
20908481,7,2016,3,5.75,1,1
20908538,3,2011,1,3.3333333,1,1
20909113,7,2010,1,2.6875,0,1
20909113,8,2013,2,.93333334,0,0
20909443,12,2019,4,10.1875,1,1
20909444,8,2019,4,7.8125,1,1
20909482,2,2017,3,5.875,1,1
20910445,3,2020,4,10.1875,1,1
20910446,5,2019,4,7.375,1,1
20910447,11,2019,4,8.5625,1,1
20910448,10,2019,4,9.0625,1,1
20911449,7,2019,4,7.8125,1,1
20920450,1,2020,4,6.25,1,1
20920520,8,2010,1,1.375,0,0
21031643,11,2010,1,.125,0,0
21033451,9,2019,4,.42857143,0,0
21036483,9,2016,3,.6875,0,0
21037030,8,2010,1,0,0,0
21037030,8,2013,2,2.7857144,0,1
21037224,2,2011,1,.875,0,0
21037452,3,2020,4,3,0,0
21037484,3,2017,3,2.1333334,0,1
21037485,4,2016,3,2.0625,0,0
21037486,1,2017,3,3.5333333,1,1
21037536,4,2010,1,.75,0,0
21037536,5,2013,2,1.3333334,0,0
21038392,3,2011,1,.6875,0,0
21038487,10,2016,3,3.75,1,1
21038763,12,2010,1,.9375,0,0
21040453,6,2019,4,4.8125,1,1
21040488,3,2017,3,6,1,2
21040488,4,2017,3,4.5,1,0
21048764,7,2010,1,.5,0,0
21048764,7,2013,2,.53333336,0,0
21051203,10,2010,1,.60000002,0,0
21051203,10,2013,2,3.8333333,1,1
21051454,12,2019,4,.93333334,0,0
21051455,8,2019,4,2.9375,0,0
21051489,5,2016,3,3.4000001,1,1
21051490,2,2017,3,4.375,1,0
21051491,11,2016,3,5.75,1,0
21051517,10,2010,1,.1875,0,0
21052427,3,2010,1,2.3125,0,0
21052456,2,2020,4,1.0625,0,0
21052492,4,2017,3,1.75,0,1
21052642,1,2011,1,.125,0,0
21053430,8,2010,1,.5625,0,0
21053457,5,2019,4,6.4166665,1,0
21053458,11,2019,4,4.875,1,1
21053493,6,2016,3,2.3125,0,1
21053494,2,2017,3,7.4375,1,1
21053495,9,2016,3,5.75,1,1
21053745,7,2010,1,.13333334,0,0
21054459,10,2019,4,6.25,1,1
21054496,3,2017,3,4.3125,1,1
21054673,1,2011,1,3.5625,1,1
21055165,12,2010,1,.25,0,0
21055241,9,2010,1,.4375,0,0
21055241,9,2013,2,3.4117646,1,1
21055460,4,2020,4,2.4375,0,0
21055461,7,2019,4,1.375,0,0
21055462,12,2019,4,1.3571428,0,0
21055463,9,2019,4,.73333335,0,0
21055497,5,2016,3,7.4375,1,2
21055498,1,2017,3,2.3571429,0,1
21055499,10,2016,3,5.5625,1,1
21055693,4,2010,1,1.5625,0,0
21055693,5,2013,2,2,0,1
21056222,3,2011,1,2.1875,0,1
21059500,4,2017,3,.8125,0,0
21066096,9,2010,1,.53333336,0,0
21066096,10,2013,2,.81818181,0,0
21066339,6,2010,1,.4375,0,0
21066339,6,2013,2,3.2,1,1
21066464,3,2020,4,3.9333334,1,1
21066465,6,2019,4,1.75,0,0
21066466,12,2019,4,2.5,0,1
21066467,8,2019,4,6.1875,1,1
21066478,10,2010,1,4.625,1,0
21066501,6,2016,3,2.8125,0,1
21066502,2,2017,3,2.625,0,1
21068468,2,2020,4,8.3125,1,1
21068503,11,2016,3,9.6875,1,1
21069400,1,2011,1,2.3125,0,1
21074469,5,2019,4,6.3125,1,1
21074470,11,2019,4,3.8125,1,0
21074504,4,2017,3,4.0625,1,1
21074510,4,2010,1,4.3125,1,0
21075471,9,2019,4,2.375,0,1
21075471,10,2019,4,4.375,1,0
21076505,6,2016,3,0,0,0
21077725,8,2010,1,0,0,0
21079006,9,2010,1,.625,0,0
21079472,7,2019,4,3.3125,1,0
21079506,3,2017,3,.66666669,0,0
21080308,4,2010,1,1.75,0,1
21080308,5,2013,2,4.5294118,1,1
21080473,1,2020,4,3.125,1,0
21080474,8,2019,4,.875,0,0
21080475,3,2020,4,4.7333331,1,1
21080507,9,2016,3,3.4375,1,1
21080508,3,2017,3,6.5333333,1,0
21080755,1,2011,1,1.125,0,0
21081476,5,2019,4,3.0625,1,1
21081509,5,2016,3,5.125,1,1
21081573,9,2010,1,1,0,0
21081573,9,2013,2,2.6363637,0,1
21083477,12,2019,4,1.8125,0,0
21083510,2,2017,3,3.375,1,1
21083535,12,2010,1,.75,0,0
21085094,3,2011,1,2.4375,0,1
21085478,8,2019,4,7.1875,1,1
21085511,10,2016,3,8.875,1,2
21086069,9,2010,1,1.625,0,0
21086069,10,2013,2,5.2941175,1,1
21086436,7,2010,1,.375,0,0
21086436,7,2013,2,7.4210525,1,1
21086479,2,2020,4,4.125,1,1
21086480,5,2019,4,4.125,1,1
21086481,11,2019,4,4.1875,1,1
21086512,4,2017,3,1.5,0,0
21086513,6,2016,3,9.25,1,1
21087057,10,2010,1,2.8125,0,1
21087482,10,2019,4,2.0625,0,0
21087483,7,2019,4,2.375,0,1
21087514,2,2017,3,4.4375,1,1
21087515,12,2016,3,4.375,1,1
21087516,4,2017,3,1.25,0,0
21087531,3,2010,1,3.9375,1,1
21087736,1,2011,1,.4375,0,0
21088484,1,2020,4,1.7333333,0,1
21088517,7,2016,3,6.0625,1,1
21088518,3,2017,3,7.4375,1,1
21088597,8,2010,1,2.0666666,0,1
30101280,3,2010,1,5.25,1,1
30101280,4,2013,2,.2857143,0,0
30101485,9,2019,4,6.875,1,1
30101486,3,2020,4,8.625,1,1
30101487,5,2019,4,11.583333,1,2
30101519,3,2017,3,7.8125,1,1
30101520,5,2016,3,10.6875,1,1
30101521,2,2017,3,11.0625,1,1
30101545,9,2010,1,.5,0,0
30101545,9,2013,2,4.4444447,1,1
30101552,1,2011,1,.125,0,0
30102028,7,2010,1,2.375,0,0
30102488,12,2019,4,11.5625,1,2
30102489,8,2019,4,7.9375,1,1
30102522,10,2016,3,9.625,1,1
30102523,3,2017,3,13.0625,1,1
30102524,6,2016,3,12.125,1,2
30102540,10,2010,1,5.625,1,0
30102632,3,2011,1,.3125,0,0
30102641,11,2010,1,1.75,0,0
30103021,1,2011,1,.4375,0,0
30103074,5,2010,1,1.1818181,0,0
30103074,5,2013,2,4.2222223,1,1
30103420,10,2010,1,1,0,0
30103490,3,2020,4,7.875,1,1
30103525,3,2017,3,9.3125,1,1
30103526,12,2016,3,10.375,1,1
30103527,4,2017,3,6.6875,1,1
30103528,7,2016,3,4,1,1
30104022,11,2010,1,1.1875,0,0
30104040,2,2011,1,.3125,0,0
30104491,5,2019,4,10.25,1,1
30104492,12,2019,4,10.875,1,1
30104493,10,2019,4,13.125,1,1
30104529,3,2017,3,8.25,1,1
30104530,9,2016,3,10.125,1,1
30104708,7,2010,1,.125,0,0
30104708,8,2013,2,6.4705882,1,0
30105325,5,2010,1,1.125,0,0
30105325,4,2013,2,5.3125,1,1
30105448,5,2010,1,1.8125,0,1
30105494,3,2020,4,8.375,1,1
30105494,4,2020,4,9.75,1,1
30105495,7,2019,4,6.9285712,1,1
30105531,3,2017,3,9.625,1,1
30105532,5,2016,3,8,1,2
30106005,2,2011,1,3.5,1,0
30106005,3,2011,1,2.375,0,0
30106331,12,2010,1,1.5,0,0
30106496,1,2020,4,16.3125,1,2
30106497,8,2019,4,12.5625,1,2
30106498,3,2020,4,8,1,1
30106533,2,2017,3,7.3125,1,1
30106534,9,2016,3,13.375,1,2
30106534,10,2016,3,12.5,1,2
30106535,4,2017,3,5.3125,1,1
30106536,5,2016,3,9.125,1,1
30106536,6,2016,3,5.5,1,1
30106750,5,2010,1,.125,0,0
30106750,6,2010,1,.5,0,0
30107395,7,2010,1,3.3125,1,1
30107499,6,2019,4,7.8125,1,1
30107500,12,2019,4,6.9375,1,1
30107537,3,2017,3,12.6875,1,2
30107624,10,2010,1,.86666667,0,0
30107624,10,2013,2,3,0,1
30108117,1,2011,1,.9375,0,0
30108401,3,2010,1,3.5,1,1
30108501,8,2019,4,13.5,1,2
30108502,3,2020,4,9,1,1
30108538,12,2016,3,8.375,1,1
30108539,4,2017,3,7.875,1,1
30109503,5,2019,4,11.3125,1,2
30109540,6,2016,3,10.6875,1,1
30109724,7,2010,1,1.8125,0,0
30109724,8,2013,2,4,1,1
30110504,12,2019,4,8.9375,1,1
30111505,10,2019,4,8.8125,1,1
30114506,4,2020,4,10,1,1
30120262,11,2010,1,2.375,0,0
30120507,7,2019,4,6.625,1,1
30120541,9,2016,3,5.3125,1,1
30121508,1,2020,4,2.625,0,1
30121542,3,2017,3,4.1875,1,1
30201076,9,2010,1,.125,0,0
30201076,10,2010,1,2.125,0,0
30201146,11,2010,1,2.75,0,1
30201498,2,2011,1,4.6875,1,1
30201509,8,2019,4,14.5625,1,2
30201510,3,2020,4,6,1,1
30201511,6,2019,4,8.8888893,1,2
30201543,3,2017,3,10.5,1,1
30201544,4,2016,3,15.75,1,2
30201545,1,2017,3,16.4375,1,2
30201546,9,2016,3,20.75,2,2
30201587,4,2010,1,3,0,1
30202252,7,2010,1,.3125,0,0
30202252,7,2013,2,2.1052632,0,0
30202403,3,2011,1,6.8125,1,0
30202512,12,2019,4,8.1875,1,1
30202547,3,2017,3,10.1875,1,2
30202548,6,2016,3,14.125,1,2
30203044,7,2010,1,1.875,0,0
30203122,12,2010,1,2.125,0,0
30203142,1,2011,1,.3125,0,0
30203256,3,2010,1,1.5625,0,0
30203513,8,2019,4,9.125,1,2
30203549,3,2017,3,8.25,1,1
30203550,11,2016,3,19.700001,2,2
30203551,4,2017,3,11.5625,1,2
30203552,6,2016,3,21.9375,2,2
30203553,3,2017,3,18.375,2,2
30203554,8,2016,3,17.5,1,2
30203554,9,2016,3,19,2,2
30203767,10,2010,1,1,0,0
30204126,11,2010,1,1.4375,0,0
30204514,2,2020,4,4.5,1,1
30204555,3,2017,3,12.6875,1,2
30205515,4,2019,4,15.9375,1,2
30205556,4,2016,3,12.0625,1,2
30205702,2,2011,1,.1875,0,0
30206341,8,2010,1,1.9375,0,0
30206516,11,2019,4,11.5625,1,1
30206517,9,2019,4,17.375,1,2
30206557,1,2017,3,18.799999,2,2
30206558,9,2016,3,18.75,2,2
30206572,5,2010,1,3.25,1,0
30207060,3,2011,1,5.875,1,0
30207188,6,2010,1,.0625,0,0
30207491,12,2010,1,1.875,0,0
30207518,6,2019,4,9.375,1,2
30207559,4,2017,3,10.9375,1,2
30207560,5,2016,3,12.583333,1,1
30207561,3,2017,3,12.25,1,1
30208396,10,2010,1,4.25,1,0
30208396,10,2013,2,3.7727273,1,0
30208519,1,2020,4,12.8125,1,2
30208562,11,2016,3,22.75,2,2
30209287,10,2010,1,1.5,0,0
30209520,8,2019,4,12.3125,1,2
30209521,3,2020,4,6.4375,1,1
30209563,4,2017,3,12.75,1,2
30210522,5,2019,4,13.5625,1,2
30210523,12,2019,4,10.625,1,1
30211524,8,2019,4,13.4375,1,2
30211525,2,2020,4,5.5,1,1
30212167,1,2011,1,.625,0,0
30212307,5,2010,1,.54545456,0,0
30212307,5,2013,2,2,0,0
30212492,7,2010,1,2.875,0,1
30212492,8,2010,1,4,1,1
30212526,5,2019,4,13.125,1,2
30212527,11,2019,4,10.0625,1,1
30212564,6,2016,3,18.3125,2,2
30212565,3,2017,3,16.5,1,2
30214528,9,2019,4,12.6875,1,2
30216529,6,2019,4,11.5,1,2
30221530,1,2020,4,5.9411764,1,1
30222077,9,2010,1,.25,0,0
30222566,9,2016,3,15.125,1,2
30301531,9,2019,4,11.5625,1,2
30301554,1,2011,1,3.625,1,1
30301567,9,2016,3,18.125,2,2
30301568,3,2017,3,16.75,1,2
30301569,5,2016,3,10.875,1,2
30301576,11,2010,1,3,0,1
30301590,5,2010,1,4.0625,1,1
30302283,11,2010,1,1.8125,0,1
30302357,11,2010,1,4.3125,1,1
30302532,3,2020,4,12.0625,1,2
30302533,6,2019,4,8.0625,1,1
30302534,12,2019,4,13.5625,1,2
30302535,8,2019,4,12,1,2
30302536,2,2020,4,18.8125,2,2
30302570,1,2017,3,26.333334,2,2
30302571,10,2016,3,16.25,1,2
30302572,4,2017,3,15.9375,1,2
30302573,5,2016,3,16.4375,1,2
30302574,3,2017,3,14.909091,1,2
30302601,6,2010,1,2.8,0,1
30302601,6,2013,2,4,1,1
30302687,2,2011,1,3.875,1,1
30302692,9,2010,1,3.0625,1,1
30304139,1,2011,1,1.375,0,0
30304143,7,2010,1,2.1875,0,1
30304537,5,2019,4,6,1,1
30304538,11,2019,4,11.1875,1,2
30304575,12,2016,3,13.0625,1,2
30304576,4,2017,3,12.6875,1,2
30304577,7,2016,3,12.625,1,1
30305082,9,2010,1,2.9375,0,1
30305082,9,2013,2,1.0714285,0,0
30305258,8,2010,1,2.5625,0,0
30305277,3,2010,1,9.7333336,1,2
30305506,2,2011,1,1.625,0,0
30305539,10,2019,4,17.3125,1,2
30305540,7,2019,4,9.0625,1,1
30305561,10,2010,1,1.6875,0,0
30305578,2,2017,3,16.3125,1,2
30305579,9,2016,3,24.875,2,2
30305580,5,2010,1,5.9375,1,1
30305580,6,2013,2,2.7619047,0,1
30305580,4,2017,3,16.666666,1,2
30305581,5,2016,3,12.3125,1,2
30305582,1,2017,3,16.5,1,2
30306024,11,2010,1,3.6875,1,1
30306056,1,2011,1,2.8125,0,0
30306087,6,2010,1,3.1538463,1,1
30306460,3,2011,1,1.8125,0,1
30306541,12,2019,4,11.733334,1,2
30306542,9,2019,4,15.1875,1,2
30306555,10,2010,1,2.2666667,0,1
30306555,10,2013,2,2.8666666,0,1
30306583,10,2016,3,19.8125,2,2
30306584,4,2017,3,11.75,1,1
30306585,5,2016,3,15.875,1,2
30306585,6,2016,3,17.125,1,2
30306586,3,2017,3,16.9375,1,2
30306587,12,2016,3,22.25,2,2
30306588,4,2017,3,14.6875,1,2
30306594,11,2010,1,4.625,1,1
30307543,3,2020,4,11.75,1,2
30307544,6,2019,4,9.75,1,1
30307545,12,2019,4,14.9375,1,2
30307546,8,2019,4,6.9375,1,1
30307547,2,2020,4,3,0,1
30307577,3,2010,1,4.5,1,1
30307589,7,2016,3,14.0625,1,2
30307590,2,2017,3,13.4375,1,2
30307678,7,2010,1,1,0,0
30308548,5,2019,4,8.0625,1,1
30309549,11,2019,4,13.125,1,2
30309550,10,2019,4,14.6875,1,2
30311551,7,2019,4,9.8125,1,1
30311552,1,2020,4,10.9375,1,2
30401015,11,2010,1,3.6875,1,1
30401062,4,2010,1,2.6153846,0,0
30401178,8,2010,1,8,1,0
30401397,2,2011,1,3.1875,1,1
30401553,9,2019,4,10.4375,1,1
30401554,3,2020,4,12.6,1,2
30401555,6,2019,4,9.125,1,1
30401556,11,2019,4,7.0625,1,1
30401591,3,2017,3,6.3125,1,1
30401592,4,2016,3,4.875,1,0
30401593,2,2017,3,4.875,1,1
30401594,9,2016,3,6.875,1,1
30401594,10,2016,3,7.375,1,1
30402291,1,2011,1,1.9375,0,0
30402402,7,2010,1,.0625,0,0
30402515,6,2010,1,1.125,0,0
30402557,8,2019,4,7.8125,1,1
30402558,3,2020,4,14.625,1,2
30402559,4,2019,4,18.125,2,2
30402560,11,2019,4,4.25,1,1
30402570,3,2011,1,3.0625,1,1
30402595,3,2017,3,5.25,1,1
30402596,5,2016,3,10.9,1,2
30402597,2,2017,3,7.625,1,1
30402598,11,2016,3,3.5,1,1
30402599,4,2017,3,9.9375,1,2
30402669,12,2010,1,3.6875,1,1
30403185,10,2010,1,6.5625,1,1
30403225,3,2010,1,7.75,1,1
30403261,9,2010,1,1.1875,0,0
30403444,4,2010,1,1.5333333,0,0
30403444,5,2013,2,7.2777777,1,1
30403558,2,2011,1,3.1875,1,1
30403561,10,2019,4,11.875,1,1
30403562,7,2019,4,6.0625,1,1
30403563,1,2020,4,21.9375,2,2
30403600,7,2016,3,3.5,1,1
30403601,3,2017,3,8.5,1,1
30403602,8,2016,3,10.083333,1,1
30403603,3,2017,3,15.1875,1,2
30403604,4,2016,3,4.5,1,1
30403605,1,2017,3,7.875,1,1
30403605,2,2017,3,18,1,2
30403606,9,2016,3,7.5625,1,1
30403699,11,2010,1,3.875,1,1
30403766,11,2010,1,3.375,1,1
30404093,12,2010,1,5.8333335,1,1
30404458,6,2010,1,3.25,1,0
30404493,3,2011,1,3.875,1,1
30404564,9,2019,4,13,1,1
30404565,4,2020,4,9.6875,1,1
30404566,6,2019,4,9.5,1,1
30404567,12,2019,4,17.625,1,2
30404607,4,2017,3,8.1000004,1,1
30404608,6,2016,3,8.125,1,1
30404609,2,2017,3,10.5625,1,1
30405568,8,2019,4,8.666667,1,1
30405588,7,2010,1,1.6875,0,0
30405610,12,2016,3,10.571428,1,1
30406125,1,2011,1,.4375,0,0
30406378,10,2010,1,1.9375,0,0
30406569,2,2020,4,17.4375,1,2
30406611,4,2017,3,4.5625,1,1
30406612,7,2016,3,5.5625,1,1
30406613,2,2017,3,1.625,0,0
30406710,4,2010,1,2.875,0,1
30406710,4,2013,2,6.9444447,1,1
30407570,5,2019,4,12.333333,1,2
30407571,11,2019,4,14.5,1,2
30407572,11,2019,4,7.9375,1,1
30408573,7,2019,4,6.1875,1,1
30409574,1,2020,4,18.875,2,2
30420223,8,2010,1,.1875,0,0
30420614,9,2016,3,6.375,1,1
30501008,12,2010,1,5,1,1
30501020,5,2010,1,.125,0,0
30501359,2,2011,1,3.3125,1,0
30501383,8,2010,1,.46666667,0,0
30501383,9,2013,2,3,0,1
30501566,8,2010,1,1.1875,0,0
30501575,9,2019,4,8.666667,1,1
30501576,3,2020,4,8.1875,1,1
30501577,6,2019,4,2.7333333,0,1
30501578,12,2019,4,7.4375,1,1
30501579,9,2019,4,9.1875,1,1
30501615,9,2016,3,9.5,1,1
30501616,3,2017,3,4.125,1,1
30501617,5,2016,3,4.75,1,0
30501618,1,2017,3,3,0,0
30501619,10,2016,3,.9375,0,0
30502418,3,2011,1,3.5625,1,1
30502456,5,2010,1,0,0,0
30502580,2,2020,4,13.9375,1,2
30502581,5,2019,4,10.25,1,1
30502620,4,2017,3,5.8125,1,1
30502621,6,2016,3,8.4375,1,1
30503214,1,2011,1,1.875,0,0
30503292,10,2010,1,2.6153846,0,0
30503582,11,2019,4,7.5,1,1
30503583,10,2019,4,9.9375,1,1
30503584,3,2020,4,9.1875,1,1
30503622,2,2017,3,7.5,1,1
30503623,10,2016,3,6.0625,1,1
30503624,4,2017,3,4.5,1,1
30503685,9,2010,1,2.6875,0,0
30504251,3,2010,1,6.75,1,1
30504518,7,2010,1,1.1875,0,0
30504518,8,2013,2,2.9473684,0,0
30504585,7,2019,4,6.4375,1,1
30504586,1,2020,4,10.75,1,1
30504625,7,2016,3,8.4375,1,1
30504626,2,2017,3,8.8125,1,2
30505180,11,2010,1,2.25,0,0
30505587,9,2019,4,15.375,1,2
30505627,9,2016,3,6.5,1,1
30506017,2,2011,1,5.4000001,1,1
30506031,6,2010,1,0,0,0
30506105,3,2011,1,0,0,0
30506326,9,2010,1,3.5,1,1
30506457,11,2010,1,5.8125,1,1
30506588,3,2020,4,8.25,1,1
30506589,7,2019,4,5.9375,1,1
30506590,1,2020,4,6.6875,1,1
30506591,8,2019,4,6.25,1,1
30506592,2,2020,4,5.1875,1,1
30506628,3,2017,3,2.125,0,1
30506629,5,2016,3,5.7692308,1,1
30506630,1,2017,3,2.8125,0,1
30506631,10,2016,3,12.125,1,2
30506632,4,2017,3,4,1,0
30506748,5,2010,1,.6875,0,0
30507593,5,2019,4,10.733334,1,2
30507633,6,2016,3,10,1,1
30507634,2,2017,3,3.6875,1,1
30507667,12,2010,1,1.3125,0,0
30508364,1,2011,1,2.4375,0,1
30508435,4,2010,1,3.4375,1,1
30508473,10,2010,1,6.125,1,1
30508594,12,2019,4,8.3125,1,1
30508595,10,2019,4,2.5555556,0,1
30508596,6,2019,4,4.875,1,1
30508597,1,2020,4,9.25,1,1
30508629,7,2010,1,.9375,0,0
30508635,11,2016,3,4.4375,1,1
30508636,4,2017,3,4.875,1,1
30508637,7,2016,3,5.4000001,1,1
30508638,2,2017,3,9,1,1
30601052,3,2011,1,6.0625,1,1
30601144,10,2010,1,8.1875,1,1
30601190,8,2010,1,8.666667,1,1
30601191,9,2010,1,6.5,1,1
30601428,1,2011,1,9,1,1
30601526,7,2010,1,9.5,1,1
30601598,9,2019,4,5.6875,1,1
30601599,6,2019,4,4.875,1,1
30601600,1,2020,4,8.0625,1,1
30601601,8,2019,4,7.0625,1,1
30601602,2,2020,4,10.9375,1,1
30601603,5,2019,4,6.875,1,1
30601604,12,2019,4,6.625,1,1
30601605,11,2019,4,12.769231,1,2
30601608,11,2010,1,6.1875,1,1
30601639,3,2010,1,10.8,1,2
30601639,5,2016,3,9.9375,1,1
30601640,1,2017,3,8.3125,1,1
30601641,10,2016,3,6.8125,1,1
30601642,4,2017,3,1.75,0,0
30601643,6,2016,3,8.9375,1,1
30601644,2,2017,3,9.0625,1,1
30601645,12,2016,3,11.3125,1,2
30601646,4,2017,3,3.5625,1,1
30601647,6,2016,3,8.8125,1,1
30601648,2,2017,3,10.2,1,2
30601746,5,2010,1,7.625,1,1
30602059,6,2010,1,10.375,1,2
30602217,4,2010,1,5.1875,1,1
30602220,3,2011,1,5.875,1,1
30602235,4,2010,1,4.625,1,1
30602235,5,2013,2,2.1052632,0,1
30602408,2,2011,1,8.375,1,1
30602443,1,2011,1,9.125,1,1
30602445,10,2010,1,9.5625,1,1
30602472,9,2010,1,7.625,1,1
30602512,10,2010,1,7.25,1,1
30602606,7,2019,4,5.125,1,1
30602607,1,2020,4,11,1,1
30602608,9,2019,4,7.75,1,1
30602609,6,2019,4,7.2666669,1,1
30602610,1,2020,4,11.555555,1,2
30602611,8,2019,4,13.933333,1,2
30602649,9,2016,3,7.3125,1,1
30602650,3,2017,3,5.625,1,1
30602651,5,2016,3,2.1875,0,0
30602652,2,2017,3,12.5,1,2
30602653,10,2016,3,9.5625,1,2
30602654,4,2017,3,3.0625,1,1
30602655,5,2016,3,2.0833333,0,1
30602656,2,2017,3,12.3125,1,2
30602657,12,2016,3,5.8125,1,1
30602658,4,2017,3,4.625,1,1
30602659,6,2016,3,6.6875,1,1
30602660,3,2017,3,.9375,0,0
30602713,12,2010,1,8.125,1,1
30602734,7,2010,1,2.875,0,1
30603612,2,2020,4,8.1875,1,1
30603613,5,2019,4,7.5,1,1
30603614,12,2019,4,6.25,1,1
30603615,11,2019,4,7.625,1,1
30620179,8,2010,1,1.125,0,0
30620196,5,2010,1,1.8125,0,0
30620196,6,2013,2,1.7857143,0,1
30620323,2,2011,1,3.6875,1,1
30620616,6,2019,4,2.3333333,0,1
30620617,1,2020,4,5.4375,1,1
30620644,11,2010,1,2.9375,0,1
30620661,9,2016,3,1.1875,0,0
30620662,3,2017,3,1.875,0,1
30701411,11,2010,1,10.9375,1,1
30701618,10,2019,4,9.6875,1,1
30701663,9,2016,3,17.200001,1,2
30702134,2,2011,1,9.5625,1,1
30702619,3,2020,4,7.9375,1,1
30702664,4,2017,3,13.8125,1,2
30703381,4,2010,1,9.6875,1,1
30703620,6,2019,4,9.4666662,1,1
30703665,5,2016,3,12.9375,1,2
30703666,1,2017,3,11.625,1,2
30704158,12,2010,1,4.9375,1,1
30704313,9,2010,1,5.125,1,1
30704313,9,2013,2,1.9473684,0,1
30704621,11,2019,4,7.3125,1,1
30704622,8,2019,4,11.125,1,1
30704667,10,2016,3,9,1,1
30705248,3,2011,1,6.0625,1,1
30705391,5,2010,1,6.625,1,1
30705391,6,2013,2,3.8666666,1,1
30705623,2,2020,4,10.0625,1,1
30705624,5,2019,4,7,1,1
30705668,4,2017,3,10.125,1,1
30705669,5,2016,3,4.4545455,1,1
30706619,9,2010,1,5.75,1,1
30706625,11,2019,4,9.4375,1,1
30706626,10,2019,4,9.625,1,1
30706670,2,2017,3,7.6875,1,1
30706671,10,2016,3,12.0625,1,1
30706743,10,2010,1,4.875,1,1
30707534,3,2010,1,13.4375,1,2
30707627,3,2020,4,6.8888888,1,1
30707628,7,2019,4,7.8125,1,1
30707672,4,2017,3,4.125,1,1
30707673,6,2016,3,13.5625,1,2
30707722,1,2011,1,3.4375,1,1
30708338,7,2010,1,4.25,1,1
30708629,1,2020,4,4.6875,1,1
30708630,9,2019,4,8,1,1
30708665,8,2010,1,2.4000001,0,1
30708665,8,2013,2,10,1,1
30708674,2,2017,3,3.125,1,1
30708674,3,2017,3,6,1,1
30708675,9,2016,3,6.375,1,1
30708676,3,2017,3,6.3125,1,1
30709116,2,2011,1,5,1,0
30709358,11,2010,1,3.9375,1,1
30709438,5,2010,1,7.25,1,1
30709438,5,2013,2,7.3157897,1,1
30709631,3,2020,4,7.0625,1,1
30709632,5,2019,4,13.625,1,2
30709632,6,2019,4,8.125,1,2
30709650,9,2010,1,6.5625,1,1
30709677,5,2016,3,3.9375,1,1
30709678,1,2017,3,5.5,1,1
30709679,9,2016,3,3.25,1,1
30709680,4,2017,3,8.5625,1,1
30709698,3,2011,1,4.9375,1,1
30710079,9,2010,1,2.7857144,0,1
30710128,6,2010,1,6.090909,1,1
30710157,7,2010,1,4.3125,1,0
30710451,1,2011,1,3.3125,1,1
30710633,12,2019,4,10,1,1
30710634,9,2019,4,12.1875,1,2
30710635,2,2020,4,6.375,1,1
30710636,5,2019,4,5.75,1,1
30710681,7,2016,3,5.5,1,2
30710682,2,2017,3,7.625,1,2
30710683,10,2016,3,5,1,1
30710684,4,2017,3,3.25,1,0
30711637,11,2019,4,7.75,1,1
30711684,3,2010,1,13.875,1,2
30711684,4,2010,1,7.875,1,1
30711685,7,2016,3,8,1,1
30712638,10,2019,4,10.25,1,2
30713639,4,2020,4,2.875,0,1
30713640,7,2019,4,4.375,1,1
30720641,1,2020,4,5.1875,1,1
30720666,10,2010,1,2.375,0,0
30720686,3,2017,3,3.0625,1,1
30801205,2,2011,1,3.125,1,1
30801205,3,2011,1,2.625,0,1
30801300,5,2010,1,3.375,1,1
30801305,11,2010,1,4.625,1,1
30801386,1,2011,1,1,0,0
30801631,11,2010,1,3.625,1,1
30801642,8,2019,4,4.3125,1,1
30801643,3,2020,4,1.9375,0,1
30801644,5,2019,4,3.6666667,1,1
30801645,12,2019,4,10.5625,1,1
30801672,6,2010,1,5.6666665,1,1
30801672,6,2013,2,6.1333332,1,1
30801679,8,2010,1,3.3125,1,1
30801679,9,2013,2,14.4375,1,2
30801687,3,2017,3,3.5,1,1
30801688,5,2016,3,10.8125,1,1
30801689,1,2017,3,5.75,1,1
30801690,9,2016,3,8.25,1,1
30801691,3,2017,3,2.6363637,0,1
30801692,5,2016,3,9.0625,1,1
30801693,2,2017,3,6.625,1,1
30802036,11,2010,1,3.4615386,1,1
30802485,1,2011,1,2.5,0,1
30802579,6,2010,1,5.375,1,1
30802646,8,2019,4,6.4375,1,1
30802647,2,2020,4,11,1,2
30802648,5,2019,4,6.875,1,1
30802694,10,2016,3,3.9375,1,1
30802695,4,2017,3,4.25,1,1
30802696,6,2016,3,7.3125,1,0
30803115,7,2010,1,2.3125,0,1
30803115,8,2013,2,11.368421,1,2
30803233,3,2010,1,9.8125,1,1
30803321,1,2011,1,6.4000001,1,1
30803480,11,2010,1,4.5625,1,1
30803649,11,2019,4,6.3125,1,1
30803650,9,2019,4,7.0625,1,1
30803651,4,2020,4,5,1,1
30803697,3,2017,3,4.8125,1,1
30803698,9,2016,3,3.9375,1,1
30803699,3,2017,3,11.875,1,2
30804416,5,2010,1,.8125,0,0
30804426,11,2010,1,7.875,1,1
30804652,7,2019,4,4,1,1
30804653,1,2020,4,10.8125,1,1
30804700,5,2016,3,21.25,2,2
30804701,1,2017,3,6.125,1,1
30805259,9,2010,1,3.3125,1,0
30805375,8,2010,1,1.4375,0,1
30805463,3,2011,1,2.4375,0,1
30805551,5,2010,1,6.3125,1,1
30805654,8,2019,4,5.625,1,1
30805655,3,2020,4,3.875,1,1
30805656,6,2019,4,3.9375,1,1
30805657,12,2019,4,9.3125,1,1
30805658,8,2019,4,8.875,1,1
30805702,9,2016,3,7.0625,1,1
30805703,4,2017,3,3.125,1,1
30805704,6,2016,3,14.5625,1,2
30805705,2,2017,3,4.6875,1,1
30806145,7,2010,1,1.1875,0,0
30806483,10,2010,1,1.8125,0,0
30806611,3,2010,1,6.625,1,1
30806611,4,2013,2,8.1999998,1,1
30806630,1,2011,1,2.0625,0,1
30806659,2,2020,4,9.75,1,1
30806660,5,2019,4,7.625,1,1
30806661,11,2019,4,10.0625,1,1
30806662,9,2019,4,5.4375,1,1
30806706,12,2016,3,12.0625,1,1
30806707,4,2017,3,3.25,1,1
30806708,7,2016,3,10.090909,1,1
30806709,2,2017,3,6.25,1,1
30807663,7,2019,4,2.5625,0,1
30808664,1,2020,4,10.0625,1,1
30820710,9,2016,3,.375,0,0
30901029,12,2010,1,5.25,1,1
30901054,8,2010,1,1.75,0,0
30901054,9,2013,2,10.666667,1,2
30901193,2,2011,1,5.25,1,1
30901253,12,2010,1,6.0625,1,1
30901275,4,2010,1,4.4375,1,1
30901320,1,2011,1,3.75,1,0
30901380,5,2010,1,8.0625,1,1
30901409,8,2010,1,.875,0,0
30901475,6,2010,1,3.2666667,1,1
30901475,6,2013,2,7.2857141,1,1
30901475,7,2013,2,6.8888888,1,1
30901550,5,2010,1,3.5625,1,1
30901569,10,2010,1,.5625,0,0
30901603,7,2010,1,.3125,0,0
30901665,9,2019,4,7,1,1
30901666,3,2020,4,4.5625,1,1
30901667,6,2019,4,4.125,1,1
30901668,12,2019,4,6.8125,1,1
30901669,8,2019,4,6.5,1,1
30901670,3,2020,4,12.3125,1,2
30901711,9,2016,3,12.1875,1,1
30901712,3,2017,3,5.1875,1,1
30901713,5,2016,3,12.375,1,2
30901714,2,2017,3,10.9375,1,2
30901715,11,2010,1,6,1,1
30901715,10,2016,3,9.25,1,1
30901716,4,2017,3,9.125,1,1
30901717,6,2016,3,18.0625,2,2
30901718,2,2017,3,9.375,1,1
30901719,12,2016,3,8.4375,1,1
30901720,2,2011,1,3.5,1,1
30901720,4,2017,3,4.875,1,1
30901721,7,2016,3,8.4285717,1,1
30901722,2,2017,3,7.25,1,1
30901723,9,2016,3,10.6875,1,1
30901724,3,2017,3,4.5,1,1
30901725,5,2016,3,11.3125,1,2
30901726,2,2017,3,7.125,1,1
30901732,9,2010,1,.5,0,0
30901756,3,2011,1,3.125,1,1
30902236,6,2010,1,2,0,1
30902299,1,2011,1,3.375,1,1
30902346,7,2010,1,1.3125,0,0
30902425,3,2011,1,2.0625,0,1
30902606,12,2010,1,4.625,1,1
30902671,5,2019,4,7,1,1
30902672,11,2019,4,10.25,1,1
30902673,10,2019,4,9.9375,1,1
30902727,10,2016,3,11.5625,1,2
30902728,4,2017,3,4.9375,1,1
30902729,6,2016,3,9.3125,1,1
30902730,2,2017,3,3.625,1,1
30902731,12,2016,3,8.625,1,1
30903114,4,2010,1,9,1,1
30903528,10,2010,1,5,1,1
30903674,7,2019,4,8.3125,1,1
30903675,12,2019,4,8.375,1,1
30903732,4,2017,3,6.625,1,1
30903733,7,2016,3,10.75,1,1
30903734,3,2017,3,7,1,1
30904676,9,2019,4,7.4375,1,1
30904677,3,2020,4,5.5,1,1
30905678,6,2019,4,7.75,1,1
30905679,12,2019,4,8.625,1,1
30905680,8,2019,4,9.5625,1,1
30905681,3,2020,4,10.8125,1,1
30905682,5,2019,4,8.125,1,1
30906683,11,2019,4,7.25,1,1
30906684,10,2019,4,8.375,1,1
30906685,7,2019,4,4.4375,1,1
30906686,1,2020,4,6.375,1,1
30920609,11,2010,1,.75,0,0
31001034,6,2010,1,11.9375,1,1
31001092,11,2010,1,10.375,1,1
31001123,2,2011,1,6.3125,1,1
31001228,3,2011,1,7.25,1,1
31001242,11,2010,1,15.0625,1,2
31001333,4,2010,1,9.1875,1,1
31001647,10,2010,1,10.875,1,1
31001687,8,2019,4,4.4615383,1,1
31001688,4,2020,4,8.5,1,1
31001689,5,2019,4,4.9375,1,1
31001690,12,2019,4,12.0625,1,2
31001691,8,2019,4,10.4375,1,1
31001692,3,2020,4,14.8125,1,2
31001735,3,2017,3,16.5625,1,2
31001736,4,2016,3,17.375,1,2
31001737,1,2017,3,22.125,2,2
31001738,10,2016,3,19.4375,2,2
31001739,3,2017,3,14.625,1,2
31001740,6,2016,3,14.4375,1,2
31001741,1,2017,3,18.875,2,2
31001742,10,2016,3,23.25,2,2
31001749,9,2010,1,9.625,1,1
31001749,10,2013,2,4.5,1,1
31002169,3,2010,1,5.7333331,1,1
31002169,4,2013,2,7.9285712,1,1
31002245,1,2011,1,1.375,0,0
31002677,7,2010,1,5.5,1,1
31002693,5,2019,4,6.1875,1,1
31002694,11,2019,4,5.1875,1,1
31002695,10,2019,4,8.875,1,1
31002743,4,2017,3,8.875,1,1
31002744,6,2016,3,7.1538463,1,1
31003100,8,2010,1,12.1875,1,1
31003226,10,2010,1,5.375,1,1
31003482,2,2011,1,7.25,1,1
31003696,7,2019,4,5.6153846,1,1
31003697,2,2020,4,11.875,1,2
31003698,9,2019,4,7.5625,1,1
31003745,3,2017,3,11.5,1,1
31003746,9,2016,3,11.0625,1,2
31003747,4,2017,3,9.75,1,1
31003748,4,2016,3,12.75,1,2
31003749,1,2017,3,19.875,2,2
31003759,4,2010,1,6.9375,1,1
31004098,12,2010,1,8.8125,1,1
31004312,9,2010,1,6.8125,1,1
31004312,9,2013,2,5.8333335,1,1
31004699,3,2020,4,12.625,1,2
31004750,10,2016,3,13.875,1,1
31004751,3,2017,3,9.75,1,1
31005061,3,2011,1,4.125,1,1
31005700,6,2019,4,8,1,1
31005701,12,2019,4,10.8125,1,1
31005752,5,2016,3,21.75,2,2
31006284,12,2010,1,4.5625,1,1
31006556,6,2010,1,10.6875,1,1
31006702,8,2019,4,4.5,1,1
31006753,2,2017,3,7.6875,1,1
31006754,11,2016,3,6.9375,1,1
31007335,7,2010,1,12.5,1,2
31007544,3,2010,1,14.75,1,2
31007549,11,2010,1,3.9375,1,1
31007645,1,2011,1,6.6875,1,1
31007703,3,2020,4,15.5,1,2
31007704,5,2019,4,6.6875,1,1
31007705,11,2019,4,6.6875,1,1
31007755,4,2017,3,10,1,1
31007756,6,2016,3,12.533334,1,2
31007757,3,2017,3,9.0625,1,2
31008706,10,2019,4,16.0625,1,2
31010707,7,2019,4,4.6875,1,1
31020708,2,2020,4,15.9375,1,2
31020758,9,2016,3,9.625,1,1
31101009,5,2010,1,14.75,1,2
31101399,11,2010,1,7.25,1,1
31101709,9,2019,4,7.25,1,1
31101710,6,2019,4,5.25,1,1
31101759,5,2016,3,20.0625,2,2
31101760,2,2017,3,15.875,1,2
31102266,10,2010,1,6.0625,1,1
31102591,2,2011,1,8.5,1,1
31102591,3,2011,1,3.625,1,1
31102711,1,2020,4,11.866667,1,2
31102761,10,2016,3,18.4375,2,2
31104086,11,2010,1,5.625,1,1
31104147,1,2011,1,10,1,1
31104361,7,2010,1,8.75,1,1
31104496,5,2010,1,8.5,1,1
31104496,6,2010,1,5.375,1,1
31104691,11,2010,1,9.375,1,1
31104696,4,2010,1,11.3125,1,1
31104712,8,2019,4,6.5,1,1
31104713,4,2020,4,10.75,1,1
31104714,5,2019,4,6.0625,1,1
31104715,12,2019,4,11.5,1,1
31104716,10,2019,4,8.1875,1,1
31104762,6,2016,3,16.5625,1,2
31104763,2,2017,3,12.5625,1,2
31104764,4,2017,3,17.125,1,2
31104765,12,2016,3,10.5625,1,1
31104766,4,2017,3,20.875,2,2
31104767,6,2016,3,23.299999,2,2
31104768,3,2017,3,9.8125,1,1
31105091,8,2010,1,12.125,1,2
31105091,9,2010,1,8.875,1,2
31105559,2,2011,1,5.75,1,1
31105581,5,2010,1,11,1,1
31105717,6,2019,4,5.3125,1,1
31105718,2,2020,4,13.0625,1,2
31105719,9,2019,4,7.5625,1,1
31105769,9,2016,3,15.75,1,2
31105770,3,2017,3,14.125,1,2
31105771,5,2016,3,17.9375,1,2
31106066,9,2010,1,14.0625,1,2
31106182,3,2011,1,7.4375,1,1
31106519,12,2010,1,9.1875,1,1
31106574,6,2010,1,6.6875,1,1
31106682,12,2010,1,6.25,1,1
31106720,4,2020,4,12.9375,1,2
31106721,6,2019,4,1.1875,0,0
31106772,2,2017,3,13.5625,1,2
31106773,10,2016,3,13.375,1,2
31106774,4,2017,3,10.5625,1,1
31106775,6,2016,3,15.75,1,2
31106776,2,2017,3,17.8125,1,2
31107406,8,2010,1,6.25,1,1
31107722,1,2020,4,11.25,1,1
31107723,8,2019,4,7.625,1,1
31107724,4,2020,4,10.1875,1,2
31107725,5,2019,4,1.8,0,1
31107777,12,2016,3,13.0625,1,1
31108265,1,2011,1,4.5625,1,1
31108703,4,2010,1,14.6875,1,1
31108703,4,2013,2,8.1428576,1,1
31108726,12,2019,4,9.75,1,1
31108778,4,2017,3,13.4375,1,2
31109727,9,2019,4,9.8125,1,1
31109779,7,2016,3,15.25,1,2
31110462,10,2010,1,4.3125,1,1
31110728,4,2020,4,12.3125,1,2
31110780,3,2017,3,14.3125,1,2
31120097,9,2010,1,5.125,1,1
31120218,1,2011,1,3.3125,1,1
31120729,6,2019,4,4.75,1,1
31120730,2,2020,4,6.875,1,1
31120781,9,2016,3,5.1875,1,1
31120782,3,2017,3,14.0625,1,2
31201007,4,2010,1,3.3125,1,1
31201007,5,2013,2,4.4117646,1,1
31201058,11,2010,1,9.3125,1,1
31201104,9,2010,1,1.5,0,0
31201104,10,2013,2,3.1111112,1,1
31201106,10,2010,1,2.625,0,1
31201197,7,2010,1,4.0625,1,1
31201230,3,2010,1,10.5,1,2
31201234,2,2011,1,4.0625,1,1
31201250,12,2010,1,6.375,1,1
31201350,1,2011,1,8.75,1,1
31201516,8,2010,1,2.3125,0,1
31201516,10,2013,2,6.6500001,1,1
31201726,6,2010,1,1.8125,0,0
31201731,9,2019,4,5.75,1,1
31201732,4,2020,4,9.9375,1,1
31201733,6,2019,4,12.75,1,2
31201734,12,2019,4,8.0625,1,1
31201747,3,2011,1,1.875,0,0
31201765,5,2010,1,3,0,0
31201783,5,2016,3,9.25,1,1
31201784,2,2017,3,13.75,1,2
31201785,10,2016,3,16.625,1,2
31201786,4,2017,3,2.625,0,1
31201787,6,2016,3,11.8125,1,1
31201788,2,2017,3,15.0625,1,2
31201789,12,2016,3,12.375,1,1
31201790,4,2017,3,10.75,1,2
31201791,7,2016,3,18.25,2,2
31201792,3,2017,3,7.1875,1,1
31201793,9,2016,3,15.0625,1,2
31201794,4,2017,3,8.75,1,2
31201795,5,2016,3,8.25,1,1
31202735,8,2019,4,10.9375,1,1
31202736,2,2020,4,8,1,1
31202737,5,2019,4,13.4375,1,2
31202738,11,2019,4,7.25,1,1
31203739,10,2019,4,7.125,1,1
31203740,4,2020,4,2.6875,0,1
31203741,7,2019,4,8.375,1,1
31204138,10,2010,1,5.5625,1,1
31204184,3,2011,1,4.375,1,1
31204209,1,2011,1,3.4375,1,1
31204267,4,2010,1,9,1,1
31204390,9,2010,1,3.4375,1,1
31204410,11,2010,1,4.9375,1,1
31204489,12,2010,1,6.9375,1,1
31204532,7,2010,1,1.4375,0,0
31204618,6,2010,1,3,0,1
31204742,1,2020,4,13.4375,1,1
31204743,9,2019,4,11.75,1,2
31204796,2,2017,3,11.875,1,2
31204797,10,2016,3,11.8125,1,2
31204798,4,2017,3,6.8125,1,1
31204799,6,2016,3,8.625,1,1
31204800,2,2017,3,11.875,1,1
31204801,1,2017,3,9.375,1,1
31204802,4,2017,3,5.5625,1,1
31204803,7,2016,3,8.375,1,2
31204804,3,2017,3,7.0625,1,1
31205744,4,2020,4,5,1,1
31205745,6,2019,4,9.5625,1,2
31205746,1,2020,4,13.9375,1,2
31206747,8,2019,4,8.4375,1,1
31207748,2,2020,4,10.5625,1,1
31208749,5,2019,4,9.625,1,1
31208750,12,2019,4,9.25,1,1
31209751,10,2019,4,11.4375,1,2
31220487,8,2010,1,2.1875,0,1
31220637,2,2011,1,3.5625,1,1
31220752,7,2019,4,5.625,1,1
31220805,9,2016,3,7.625,1,1
31220806,3,2017,3,6.8125,1,1
31221753,1,2020,4,5.2666669,1,1
31301246,8,2010,1,3.6875,1,1
31301304,5,2010,1,5.5625,1,1
31301385,11,2010,1,6.3125,1,1
31301560,9,2010,1,8.3125,1,1
31301671,3,2011,1,7,1,1
31301683,2,2011,1,5.625,1,1
31301754,8,2019,4,7.125,1,1
31301755,7,2019,4,6.3333335,1,1
31301756,1,2020,4,4.0625,1,1
31301757,8,2019,4,4,1,1
31301758,3,2020,4,3.375,1,1
31301807,8,2016,3,4,1,1
31301808,3,2017,3,4.75,1,1
31301809,4,2016,3,4.375,1,0
31301810,2,2017,3,6.3125,1,1
31301811,9,2016,3,8.1875,1,1
31301812,4,2017,3,4.0625,1,1
31302162,12,2010,1,6.1666665,1,1
31302415,3,2010,1,5.3333335,1,1
31302578,7,2010,1,6.8125,1,1
31302651,1,2011,1,9,1,1
31302759,4,2019,4,10,1,1
31302760,12,2019,4,7.5,1,1
31302761,7,2010,1,6.5333333,1,1
31302761,10,2019,4,10.3125,1,1
31302762,7,2019,4,5.8125,1,1
31302763,2,2020,4,12.3125,1,1
31302813,5,2016,3,8.7777777,1,1
31302814,2,2017,3,11.733334,1,2
31302815,10,2016,3,5.125,1,1
31302816,4,2017,3,2.1875,0,0
31302817,6,2016,3,10.875,1,1
31303067,2,2011,1,2.5625,0,1
31303263,2,2011,1,9.0625,1,1
31303327,9,2010,1,6.5,1,1
31303467,6,2010,1,7.3125,1,1
31303567,11,2010,1,5.75,1,1
31303585,10,2010,1,9.6875,1,1
31303610,9,2010,1,10.5625,1,1
31303655,12,2010,1,5.625,1,1
31303757,5,2010,1,5.9375,1,1
31303764,9,2019,4,8.25,1,1
31303765,7,2019,4,7.25,1,1
31303766,1,2020,4,11.0625,1,1
31303767,8,2019,4,5.125,1,1
31303768,3,2020,4,7.0625,1,1
31303769,4,2019,4,12.125,1,2
31303769,5,2019,4,6.375,1,1
31303770,12,2019,4,9.25,1,1
31303818,3,2017,3,8.875,1,2
31303819,9,2016,3,12.9375,1,2
31303820,3,2017,3,3.75,1,1
31303821,4,2016,3,9.1875,1,2
31303822,2,2017,3,6.75,1,1
31303823,9,2016,3,5.7333331,1,1
31303824,4,2017,3,2.5625,0,1
31303825,6,2016,3,7,1,1
31303826,2,2017,3,7.8125,1,1
31304771,10,2019,4,6.5625,1,1
31304772,7,2019,4,5.375,1,1
31304773,2,2020,4,9.8125,1,1
31306166,7,2010,1,2.0625,0,1
31306274,1,2011,1,7.6875,1,1
31306500,4,2010,1,5.875,1,1
31306719,10,2010,1,5.0625,1,1
31306827,12,2016,3,9.5,1,1
31306828,4,2017,3,3.0625,1,1
31306829,6,2016,3,4.375,1,1
31306830,3,2017,3,12.875,1,2
31431714,9,2010,1,1.875,0,0
31431774,9,2019,4,6.5555553,1,1
31431775,4,2020,4,8.25,1,1
31431776,5,2019,4,7.8666668,1,1
31431777,12,2019,4,5.5625,1,1
31431831,9,2016,3,6.625,1,2
31431832,3,2017,3,7.1875,1,1
31432279,2,2011,1,0,0,0
31432523,9,2010,1,4,1,1
31432676,5,2010,1,1.3846154,0,0
31432778,8,2019,4,4.5,1,1
31432833,5,2016,3,7.8000002,1,1
31432834,1,2017,3,10.4375,1,1
31433779,3,2020,4,7.9375,1,1
31433780,5,2019,4,6.3125,1,1
31433781,11,2019,4,10.75,1,2
31433782,9,2019,4,2.0769231,0,0
31434099,11,2010,1,.625,0,0
31434783,6,2019,4,3.8,1,1
31434784,1,2020,4,7.75,1,1
31434835,10,2016,3,6.2307692,1,0
31435120,9,2010,1,.2,0,0
31435120,9,2013,2,2.7,0,1
31435149,10,2010,1,.6875,0,0
31435423,3,2011,1,0,0,0
31435753,7,2010,1,5.0625,1,1
31435753,7,2013,2,5.6666665,1,1
31435785,9,2019,4,8.25,1,1
31435836,4,2017,3,9.4375,1,1
31435837,6,2016,3,11.25,1,2
31435838,2,2017,3,6.625,1,1
31435839,10,2016,3,8.1999998,1,1
31436063,1,2011,1,.3125,0,0
31436695,4,2010,1,2,0,1
31436840,4,2017,3,5.9375,1,1
31436841,7,2016,3,14.5,1,2
31437786,5,2019,4,1.5,0,0
31437842,2,2017,3,3.9285715,1,1
31438563,4,2010,1,2.625,0,0
31438622,2,2011,1,0,0,0
31438689,8,2010,1,1.3571428,0,0
31438690,7,2010,1,1.4666667,0,1
31438787,12,2019,4,7.6666665,1,1
31438788,8,2019,4,9.375,1,1
31438789,3,2020,4,7.5,1,1
31438790,5,2019,4,6.3333335,1,1
31438843,8,2016,3,10.777778,1,1
31438844,3,2017,3,5.5999999,1,1
31438845,4,2016,3,7.625,1,1
31439102,9,2010,1,.3125,0,0
31439102,9,2013,2,3,0,0
31439791,11,2019,4,.9375,0,0
31439792,10,2019,4,5.0625,1,1
31439846,1,2017,3,5.75,1,1
31440002,12,2010,1,.25,0,0
31440152,3,2011,1,0,0,0
31440793,6,2019,4,4.7692308,1,1
31440794,1,2020,4,9.5,1,2
31440847,10,2016,3,2.4375,0,1
31441389,6,2010,1,1.625,0,0
31441389,7,2013,2,3.7777777,1,1
31441848,4,2017,3,1.6875,0,0
31441849,6,2016,3,4,1,1
31442200,10,2010,1,.4375,0,0
31442394,9,2010,1,1.0666667,0,0
31442616,1,2011,1,1.4375,0,0
31442850,2,2017,3,7.375,1,2
31442851,11,2016,3,2.0625,0,0
31443108,4,2010,1,.875,0,0
31443270,7,2010,1,3.6875,1,0
31443270,8,2013,2,1.3888888,0,1
31443852,4,2017,3,10.3125,1,1
31443853,6,2016,3,5.25,1,1
31444854,3,2017,3,12.076923,1,1
31531161,2,2011,1,2.125,0,0
31531303,11,2010,1,1.875,0,0
31531795,9,2019,4,1.6875,0,0
31531796,3,2020,4,6.125,1,0
31531855,9,2016,3,4.1875,1,0
31531856,3,2017,3,2.125,0,0
31532674,5,2010,1,4,1,1
31532674,6,2013,2,1.6875,0,1
31532797,6,2019,4,4.5,1,1
31532798,12,2019,4,7.4666667,1,2
31532857,4,2016,3,4.8125,1,1
31533095,9,2010,1,4.1875,1,1
31533799,8,2019,4,5.6875,1,1
31533858,1,2017,3,1.3125,0,0
31534553,12,2010,1,2.6875,0,0
31534800,2,2020,4,3.25,1,1
31534801,5,2019,4,4.6875,1,1
31534859,10,2016,3,5.1875,1,0
31535633,3,2011,1,1.8125,0,0
31535802,11,2019,4,.75,0,0
31535860,3,2017,3,5.375,1,1
31535861,6,2016,3,3.375,1,0
31536118,9,2010,1,4.25,1,1
31536118,10,2013,2,3.2857144,1,1
31536257,10,2010,1,3.3125,1,1
31536751,6,2010,1,5.375,1,1
31536803,10,2019,4,2.5625,0,1
31536862,2,2017,3,5,1,1
31536863,11,2016,3,3.9375,1,0
31537864,4,2017,3,6.3125,1,1
31538278,1,2011,1,.375,0,0
31539670,4,2010,1,8.1875,1,1
31539670,4,2013,2,5.3333335,1,1
31539804,6,2019,4,3.125,1,1
31539805,1,2020,4,5.625,1,1
31539865,6,2016,3,5.0625,1,1
31539866,2,2017,3,2,0,1
31540003,11,2010,1,1.5625,0,0
31540419,7,2010,1,2.625,0,0
31540806,10,2019,4,2.5,0,0
31540867,9,2016,3,2.875,0,1
31541183,2,2011,1,1.1875,0,0
31541807,3,2020,4,3.625,1,1
31541868,3,2017,3,1.5,0,1
31544808,6,2019,4,5.9375,1,0
31544809,12,2019,4,4.375,1,1
31544869,4,2016,3,0,0,0
31544869,5,2016,3,0,0,0
31545384,5,2010,1,4.6875,1,1
31546760,8,2010,1,3.8571429,1,1
31546760,9,2013,2,4.8571429,1,1
31546810,8,2019,4,5.9285712,1,1
31546870,1,2017,3,4.8125,1,1
31547429,12,2010,1,3.75,1,0
31547871,9,2016,3,3.75,1,0
31547871,10,2016,3,0,0,0
31548148,3,2011,1,1.375,0,0
31548811,2,2020,4,3.9375,1,1
31548872,3,2017,3,5.5,1,1
31548873,5,2016,3,2.3125,0,1
31549812,5,2019,4,4.625,1,1
31550254,5,2010,1,1.5625,0,0
31550254,6,2013,2,4.125,1,1
31550813,11,2019,4,5.6875,1,1
31551814,10,2019,4,4.5625,1,1
31551874,2,2017,3,0,0,0
31552612,11,2010,1,1.1875,0,0
31552686,9,2010,1,1.1875,0,0
31552875,10,2016,3,2.625,0,0
31553237,1,2011,1,2.9375,0,0
31553815,7,2019,4,5.4375,1,1
31553816,1,2020,4,6.9375,1,1
31553876,4,2017,3,3.375,1,1
31554613,4,2010,1,13.6875,1,2
31554877,6,2016,3,5.25,1,1
31555614,8,2010,1,2.6875,0,0
31555614,8,2013,2,3.8461537,1,1
31555878,2,2017,3,4.625,1,1
