,ea_id,obs_year,lccrop,lcurb,lcgrass,lcforst
0,10101016,2010,0,0,16,250
1,10101204,2010,0,0,22,199
2,10101215,2010,0,0,360,4
3,10101374,2010,32,0,104,70
4,10101470,2010,2,0,128,78
5,10101562,2010,0,0,24,293
6,10101568,2010,36,0,219,5
7,10101706,2010,0,8,0,300
8,10102004,2010,0,0,0,384
9,10102379,2010,0,12,0,272
10,10103414,2010,4,0,0,344
11,10103452,2010,0,0,0,352
12,10104150,2010,0,4,54,186
13,10104351,2010,16,0,136,12
14,10104440,2010,4,12,0,308
15,10105352,2010,28,0,8,116
16,10105513,2010,4,0,240,50
17,10120288,2010,4,0,148,70
18,10201137,2010,20,0,36,12
19,10201247,2010,199,0,157,12
20,10201442,2010,28,0,14,24
21,10201688,2010,38,0,210,0
22,10202514,2010,101,0,67,127
23,10203013,2010,0,8,0,196
24,10203085,2010,96,0,48,40
25,10203176,2010,0,0,6,330
26,10203623,2010,0,28,0,240
27,10203744,2010,16,0,88,148
28,10203744,2010,16,0,88,148
29,10204322,2010,8,0,220,24
30,10204586,2010,11,0,162,58
31,10204723,2010,24,0,38,16
32,10205202,2010,22,0,200,0
33,10205507,2010,32,0,112,56
34,10220103,2010,22,0,177,4
35,10220521,2010,82,0,174,0
36,10220705,2010,96,0,16,18
37,10301347,2010,0,12,0,320
38,10301663,2010,0,10,0,305
39,10301741,2010,0,24,0,164
40,10302010,2010,40,0,32,130
41,10303454,2010,0,0,2,364
42,10304012,2010,28,2,140,67
43,10304625,2010,8,0,0,316
44,10305446,2010,10,34,8,96
45,10306431,2010,20,12,8,120
46,10307413,2010,12,0,8,246
47,10308129,2010,0,4,4,350
48,10308636,2010,4,0,20,131
49,10309281,2010,0,16,0,254
50,10310469,2010,8,0,0,288
51,10312048,2010,8,0,0,276
52,10312187,2010,0,44,0,289
53,10312600,2010,0,0,0,368
54,10320227,2010,16,4,8,208
55,10401140,2010,20,0,336,0
56,10401212,2010,0,21,34,216
57,10401424,2010,36,0,252,0
58,10401502,2010,8,16,90,124
59,10401522,2010,8,0,284,0
60,10401604,2010,24,24,30,90
61,10401742,2010,18,16,98,106
62,10402537,2010,20,30,8,48
63,10403332,2010,4,0,259,6
64,10404186,2010,0,0,0,348
65,10404707,2010,0,0,0,368
66,10405213,2010,0,0,0,374
67,10407194,2010,0,0,195,143
68,10408441,2010,8,0,34,134
69,10409468,2010,4,0,98,155
70,10420001,2010,24,24,72,92
71,10420035,2010,30,0,133,8
72,10501216,2010,0,0,400,0
73,10501505,2010,0,0,400,0
74,10501709,2010,76,0,276,0
75,10502043,2010,90,20,144,60
76,10502268,2010,4,8,270,28
77,10502439,2010,4,0,246,20
78,10502593,2010,0,0,395,0
79,10503367,2010,23,0,193,19
80,10505136,2010,0,0,400,0
81,10505231,2010,0,0,372,4
82,10505310,2010,0,0,210,30
83,10505508,2010,0,0,400,0
84,10506548,2010,0,0,74,185
85,10507175,2010,16,0,364,0
86,10507344,2010,0,0,400,0
87,10508369,2010,42,0,54,95
88,10509319,2010,0,0,400,0
89,10510388,2010,0,0,400,0
90,10732070,2010,6,0,28,79
91,10732192,2010,12,0,130,36
92,10733465,2010,0,22,86,73
93,10733640,2010,0,22,64,92
94,10734370,2010,0,14,118,70
95,10734407,2010,0,30,162,37
96,10734762,2010,0,8,68,104
97,10735173,2010,0,24,132,64
98,10736174,2010,0,28,188,36
99,10736377,2010,0,20,224,28
100,10736466,2010,0,30,229,13
101,10736596,2010,2,2,268,12
102,10737199,2010,0,10,89,157
103,10741504,2010,0,32,80,68
104,10744039,2010,0,30,113,58
105,10744649,2010,0,24,106,119
106,10746033,2010,20,0,202,18
107,10746244,2010,2,2,207,42
108,20101014,2010,0,0,400,0
109,20102311,2010,2,0,390,0
110,20103365,2010,0,0,400,0
111,20105181,2010,180,0,112,0
112,20106042,2010,256,0,12,0
113,20107490,2010,0,0,357,5
114,20108739,2010,400,0,0,0
115,20109486,2010,0,0,400,0
116,20109653,2010,12,0,288,0
117,20110620,2010,34,0,294,0
118,20111718,2010,274,0,48,0
119,20112290,2010,28,0,196,0
120,20112334,2010,142,0,184,0
121,20112661,2010,68,0,176,0
122,20113112,2010,196,0,144,0
123,20115434,2010,2,0,380,0
124,20120081,2010,268,0,16,0
125,20201109,2010,66,0,122,40
126,20201264,2010,164,0,16,8
127,20201269,2010,215,0,8,10
128,20201354,2010,314,0,6,0
129,20201450,2010,364,0,4,0
130,20201646,2010,180,4,8,16
131,20203135,2010,76,0,98,6
132,20203494,2010,196,0,36,8
133,20203656,2010,152,0,14,4
134,20204124,2010,132,0,112,0
135,20204712,2010,48,0,168,16
136,20205207,2010,296,0,24,8
137,20205484,2010,20,0,136,32
138,20205634,2010,268,0,40,18
139,20205721,2010,192,0,48,0
140,20206243,2010,36,0,144,28
141,20206362,2010,4,0,384,0
142,20220153,2010,139,0,4,12
143,20302432,2010,96,0,92,32
144,20302539,2010,272,0,24,0
145,20302592,2010,80,0,122,4
146,20303065,2010,16,0,348,4
147,20303654,2010,28,20,172,24
148,20304084,2010,88,0,118,0
149,20304164,2010,101,0,154,0
150,20304314,2010,222,0,20,0
151,20304680,2010,285,0,16,0
152,20305023,2010,18,46,98,82
153,20305172,2010,342,0,4,0
154,20305301,2010,112,0,164,0
155,20305340,2010,400,0,0,0
156,20305717,2010,60,0,186,0
157,20306296,2010,342,0,0,0
158,20306433,2010,280,0,28,0
159,20306557,2010,380,0,8,0
160,20320675,2010,336,0,14,0
161,20401627,2010,356,0,0,0
162,20401737,2010,242,0,32,0
163,20402072,2010,324,0,24,0
164,20402198,2010,274,0,24,0
165,20402201,2010,208,0,44,0
166,20402298,2010,116,0,82,0
167,20403668,2010,286,0,7,0
168,20403697,2010,400,0,0,0
169,20404032,2010,52,4,168,8
170,20404509,2010,4,0,334,0
171,20404575,2010,184,8,24,8
172,20405132,2010,392,0,0,0
173,20405366,2010,324,0,10,0
174,20406177,2010,400,0,0,0
175,20406598,2010,382,0,10,0
176,20407398,2010,352,0,0,0
177,20407481,2010,400,0,0,0
178,20407481,2010,400,0,0,0
179,20421229,2010,382,0,0,0
180,20501111,2010,376,0,4,0
181,20501330,2010,224,0,64,0
182,20501664,2010,400,0,0,0
183,20502159,2010,382,0,0,2
184,20502740,2010,386,0,12,0
185,20502758,2010,339,0,10,0
186,20503239,2010,400,0,0,0
187,20504373,2010,212,8,12,6
188,20504729,2010,400,0,0,0
189,20505317,2010,318,0,4,0
190,20506412,2010,368,0,0,0
191,20507089,2010,390,0,0,0
192,20507422,2010,372,0,0,4
193,20507459,2010,368,0,0,0
194,20507571,2010,388,0,0,0
195,20508349,2010,296,0,8,4
196,20510584,2010,338,0,12,0
197,20520582,2010,400,0,0,0
198,20601141,2010,400,0,0,0
199,20601626,2010,400,0,0,0
200,20601658,2010,354,0,4,0
201,20602363,2010,354,2,0,4
202,20602479,2010,400,0,0,0
203,20602607,2010,400,0,0,0
204,20603090,2010,400,0,0,0
205,20603133,2010,400,0,0,0
206,20603189,2010,375,0,2,2
207,20603337,2010,364,0,0,4
208,20603533,2010,400,0,0,0
209,20604071,2010,400,0,0,0
210,20604638,2010,400,0,0,0
211,20605302,2010,376,0,4,0
212,20606168,2010,400,0,0,0
213,20606297,2010,400,0,0,0
214,20607260,2010,388,0,0,0
215,20607315,2010,400,0,0,0
216,20608499,2010,400,0,0,0
217,20610050,2010,400,0,0,0
218,20610249,2010,400,0,0,0
219,20611336,2010,394,0,0,0
220,20613324,2010,400,0,0,0
221,20614477,2010,400,0,0,0
222,20614589,2010,400,0,0,0
223,20615064,2010,400,0,0,0
224,20615735,2010,400,0,0,0
225,20701527,2010,44,0,194,0
226,20702282,2010,388,0,0,0
227,20702464,2010,154,0,122,0
228,20702471,2010,400,0,0,0
229,20702542,2010,26,0,152,8
230,20703025,2010,111,0,64,0
231,20703083,2010,60,0,140,0
232,20703316,2010,160,0,40,0
233,20703565,2010,122,0,66,0
234,20704037,2010,38,0,263,0
235,20704289,2010,1,0,359,0
236,20704738,2010,0,0,400,0
237,20705372,2010,36,0,292,0
238,20705652,2010,28,12,136,20
239,20705657,2010,20,0,328,0
240,20706163,2010,131,0,48,0
241,20706294,2010,114,0,70,0
242,20720368,2010,86,18,26,76
243,20720368,2010,86,18,26,76
244,20801046,2010,40,0,284,0
245,20801208,2010,2,0,390,0
246,20801271,2010,0,0,398,0
247,20802019,2010,68,0,212,0
248,20802041,2010,376,0,0,0
249,20802501,2010,400,0,0,0
250,20803156,2010,396,0,0,0
251,20803599,2010,284,4,12,4
252,20803731,2010,358,0,26,0
253,20804405,2010,18,0,324,2
254,20804768,2010,320,0,16,0
255,20805345,2010,16,0,336,0
256,20806131,2010,176,0,104,0
257,20806546,2010,296,1,5,2
258,20807711,2010,344,0,36,0
259,20807727,2010,148,0,148,0
260,20808421,2010,400,0,0,0
261,20820318,2010,282,4,8,4
262,20901276,2010,0,0,400,0
263,20902449,2010,10,0,332,0
264,20902461,2010,0,0,400,0
265,20903543,2010,23,0,251,9
266,20903543,2010,23,0,251,9
267,20903583,2010,186,0,54,58
268,20904018,2010,42,0,234,0
269,20904160,2010,121,0,190,0
270,20904342,2010,4,0,332,0
271,20905295,2010,130,0,148,0
272,20906524,2010,60,0,208,0
273,20906605,2010,0,0,400,0
274,20907238,2010,184,0,94,0
275,20908051,2010,18,0,312,0
276,20908088,2010,220,0,29,0
277,20908119,2010,206,6,76,0
278,20908329,2010,8,0,344,0
279,20909113,2010,118,0,96,0
280,20920520,2010,168,0,96,4
281,21031643,2010,169,57,12,0
282,21037030,2010,89,118,16,2
283,21037536,2010,94,118,16,0
284,21038763,2010,68,112,12,0
285,21048764,2010,192,92,4,0
286,21051203,2010,63,108,4,8
287,21051517,2010,82,124,4,8
288,21052427,2010,40,132,4,8
289,21053430,2010,177,35,8,6
290,21053745,2010,140,50,8,8
291,21055165,2010,120,176,0,0
292,21055241,2010,224,40,0,0
293,21055693,2010,292,13,0,1
294,21066096,2010,254,18,8,0
295,21066339,2010,252,24,10,0
296,21066478,2010,198,24,2,4
297,21074510,2010,338,0,2,6
298,21077725,2010,132,112,0,20
299,21079006,2010,34,196,0,4
300,21080308,2010,30,188,4,0
301,21081573,2010,130,38,4,12
302,21083535,2010,400,0,0,0
303,21086069,2010,308,8,0,0
304,21086436,2010,224,28,4,6
305,21087057,2010,260,8,0,0
306,21087531,2010,224,0,0,0
307,21088597,2010,400,0,0,0
308,30101280,2010,62,0,132,4
309,30101545,2010,12,0,234,2
310,30102028,2010,16,0,302,0
311,30102540,2010,0,0,400,0
312,30102641,2010,172,0,40,0
313,30103074,2010,40,0,248,0
314,30103420,2010,364,0,24,0
315,30104022,2010,4,0,304,4
316,30104708,2010,4,0,328,0
317,30105325,2010,172,0,52,4
318,30105448,2010,138,0,120,0
319,30106331,2010,32,16,14,218
320,30106750,2010,8,16,244,44
321,30106750,2010,8,16,244,44
322,30107395,2010,6,0,352,0
323,30107624,2010,0,0,396,4
324,30108401,2010,0,4,100,52
325,30109724,2010,188,0,52,2
326,30120262,2010,168,0,155,8
327,30201076,2010,22,0,212,20
328,30201076,2010,22,0,212,20
329,30201146,2010,34,0,310,0
330,30201587,2010,16,0,348,0
331,30202252,2010,52,28,44,36
332,30203044,2010,0,0,400,0
333,30203122,2010,38,0,176,12
334,30203256,2010,0,0,400,0
335,30203767,2010,4,0,392,0
336,30204126,2010,352,0,8,0
337,30206341,2010,42,0,116,0
338,30206572,2010,8,0,360,0
339,30207188,2010,14,0,354,0
340,30207491,2010,0,0,320,0
341,30208396,2010,25,0,339,0
342,30209287,2010,64,0,176,8
343,30212307,2010,31,0,234,2
344,30212492,2010,68,0,92,44
345,30212492,2010,68,0,92,44
346,30222077,2010,120,0,108,0
347,30301576,2010,263,0,6,0
348,30301590,2010,400,0,0,0
349,30302283,2010,68,2,26,4
350,30302357,2010,400,0,0,0
351,30302601,2010,400,0,0,0
352,30302692,2010,336,0,4,0
353,30304143,2010,398,0,0,0
354,30305082,2010,400,0,0,0
355,30305258,2010,256,0,86,0
356,30305277,2010,400,0,0,0
357,30305561,2010,278,0,16,0
358,30305580,2010,248,0,27,0
359,30306024,2010,400,0,0,0
360,30306087,2010,400,0,0,0
361,30306555,2010,400,0,0,0
362,30306594,2010,0,0,392,0
363,30307577,2010,100,0,14,34
364,30307678,2010,4,20,0,194
365,30401015,2010,396,0,4,0
366,30401062,2010,288,4,20,0
367,30401178,2010,304,0,8,0
368,30402402,2010,400,0,0,0
369,30402515,2010,375,0,0,0
370,30402669,2010,400,0,0,0
371,30403185,2010,400,0,0,0
372,30403225,2010,176,4,14,2
373,30403261,2010,128,8,36,0
374,30403444,2010,400,0,0,0
375,30403699,2010,400,0,0,0
376,30403766,2010,400,0,0,0
377,30404093,2010,360,0,0,0
378,30404458,2010,400,0,0,0
379,30405588,2010,372,0,28,0
380,30406378,2010,296,0,44,0
381,30406710,2010,170,0,143,0
382,30420223,2010,200,16,8,16
383,30501008,2010,212,0,102,0
384,30501020,2010,400,0,0,0
385,30501383,2010,218,0,94,0
386,30501566,2010,6,0,366,0
387,30502456,2010,400,0,0,0
388,30503292,2010,4,0,384,0
389,30503685,2010,20,0,316,0
390,30504251,2010,220,0,142,0
391,30504518,2010,140,0,30,2
392,30505180,2010,400,0,0,0
393,30506031,2010,12,0,328,0
394,30506326,2010,65,0,10,33
395,30506457,2010,68,0,120,0
396,30506748,2010,0,0,400,0
397,30507667,2010,400,0,0,0
398,30508435,2010,192,0,10,16
399,30508473,2010,112,0,14,95
400,30508629,2010,268,0,24,0
401,30601144,2010,4,0,50,184
402,30601190,2010,26,14,18,138
403,30601191,2010,0,0,0,396
404,30601526,2010,16,0,16,168
405,30601608,2010,0,0,4,386
406,30601639,2010,2,0,8,368
407,30601746,2010,0,0,0,400
408,30602059,2010,24,0,42,195
409,30602217,2010,0,0,0,384
410,30602235,2010,0,0,0,400
411,30602445,2010,0,0,0,398
412,30602472,2010,8,0,20,336
413,30602512,2010,0,0,0,371
414,30602713,2010,12,2,62,152
415,30602734,2010,0,0,0,392
416,30620179,2010,8,0,12,360
417,30620196,2010,8,0,20,311
418,30620644,2010,8,0,28,264
419,30701411,2010,4,0,0,352
420,30703381,2010,0,0,0,372
421,30704158,2010,0,0,12,308
422,30704313,2010,0,0,0,386
423,30705391,2010,24,0,0,235
424,30706619,2010,10,0,0,361
425,30706743,2010,0,0,0,372
426,30707534,2010,38,0,4,300
427,30708338,2010,12,0,0,328
428,30708665,2010,10,0,20,112
429,30709358,2010,266,0,12,4
430,30709438,2010,368,0,0,0
431,30709650,2010,231,0,18,0
432,30710079,2010,20,0,0,244
433,30710128,2010,336,0,24,12
434,30710157,2010,156,0,12,8
435,30711684,2010,124,0,28,12
436,30711684,2010,124,0,28,12
437,30720666,2010,10,0,6,292
438,30801300,2010,130,0,4,83
439,30801305,2010,221,0,0,42
440,30801631,2010,242,0,2,0
441,30801672,2010,362,0,0,2
442,30801679,2010,118,4,0,80
443,30802036,2010,132,4,4,116
444,30802579,2010,0,36,0,256
445,30803115,2010,186,0,4,0
446,30803233,2010,314,0,14,0
447,30803480,2010,167,0,12,0
448,30804416,2010,141,0,12,0
449,30804426,2010,308,0,12,11
450,30805259,2010,338,0,16,0
451,30805375,2010,392,0,0,0
452,30805551,2010,400,0,0,0
453,30806145,2010,400,0,0,0
454,30806483,2010,400,0,0,0
455,30806611,2010,400,0,0,0
456,30901029,2010,400,0,0,0
457,30901054,2010,400,0,0,0
458,30901253,2010,400,0,0,0
459,30901275,2010,392,0,0,0
460,30901380,2010,400,0,0,0
461,30901409,2010,400,0,0,0
462,30901475,2010,400,0,0,0
463,30901550,2010,400,0,0,0
464,30901569,2010,400,0,0,0
465,30901603,2010,400,0,0,0
466,30901715,2010,400,0,0,0
467,30901732,2010,68,8,0,88
468,30902236,2010,228,12,0,48
469,30902346,2010,386,0,0,4
470,30902606,2010,388,0,0,0
471,30903114,2010,342,0,0,0
472,30903528,2010,400,0,0,0
473,30920609,2010,176,14,0,54
474,31001034,2010,0,0,376,0
475,31001092,2010,16,0,368,0
476,31001242,2010,8,0,388,0
477,31001333,2010,10,0,256,22
478,31001647,2010,128,0,86,0
479,31001749,2010,0,0,322,28
480,31002169,2010,216,0,36,0
481,31002677,2010,254,8,4,8
482,31003100,2010,0,0,48,214
483,31003226,2010,0,0,0,376
484,31003759,2010,32,4,26,112
485,31004098,2010,192,0,12,0
486,31004312,2010,62,0,4,210
487,31006284,2010,190,0,24,0
488,31006556,2010,44,0,48,44
489,31007335,2010,12,0,236,8
490,31007544,2010,34,0,226,26
491,31007549,2010,56,12,28,60
492,31101009,2010,44,0,18,148
493,31101399,2010,0,0,0,396
494,31102266,2010,16,4,52,152
495,31104086,2010,44,0,64,40
496,31104361,2010,20,0,76,99
497,31104496,2010,4,4,28,212
498,31104496,2010,4,4,28,212
499,31104691,2010,12,4,3,297
500,31104696,2010,12,12,0,274
501,31105091,2010,0,0,320,0
502,31105091,2010,0,0,320,0
503,31105581,2010,36,0,216,0
504,31106066,2010,0,0,338,42
505,31106519,2010,108,0,120,4
506,31106574,2010,100,12,8,24
507,31106682,2010,132,0,40,12
508,31107406,2010,3,4,64,120
509,31108703,2010,58,0,140,54
510,31110462,2010,12,0,140,52
511,31120097,2010,112,0,72,36
512,31201007,2010,264,0,40,0
513,31201058,2010,0,0,350,0
514,31201104,2010,24,0,311,0
515,31201106,2010,59,0,222,0
516,31201197,2010,367,0,28,0
517,31201230,2010,150,0,108,0
518,31201250,2010,394,0,0,0
519,31201516,2010,336,0,12,0
520,31201726,2010,150,0,28,0
521,31201765,2010,20,0,372,0
522,31204138,2010,40,0,236,0
523,31204267,2010,83,0,158,0
524,31204390,2010,54,0,316,0
525,31204410,2010,68,0,262,0
526,31204489,2010,224,0,148,0
527,31204532,2010,128,0,174,0
528,31204618,2010,209,0,46,0
529,31220487,2010,282,0,8,0
530,31301246,2010,2,0,0,375
531,31301304,2010,0,16,0,328
532,31301385,2010,12,0,8,246
533,31301560,2010,0,0,0,400
534,31302162,2010,18,0,99,55
535,31302415,2010,0,0,200,58
536,31302578,2010,0,0,0,400
537,31302761,2010,24,0,0,352
538,31303327,2010,8,0,360,0
539,31303467,2010,38,0,278,0
540,31303567,2010,24,2,166,12
541,31303585,2010,12,0,376,0
542,31303610,2010,16,0,356,0
543,31303655,2010,38,0,334,0
544,31303757,2010,82,0,233,0
545,31306166,2010,16,0,60,124
546,31306500,2010,16,0,21,104
547,31306719,2010,12,0,28,180
548,31431714,2010,182,12,16,52
549,31432523,2010,206,21,18,19
550,31432676,2010,305,0,16,0
551,31434099,2010,301,12,4,21
552,31435120,2010,264,14,4,40
553,31435149,2010,390,0,0,0
554,31435753,2010,344,2,4,2
555,31436695,2010,370,0,4,0
556,31438563,2010,358,0,4,0
557,31438689,2010,357,0,12,0
558,31438690,2010,378,0,2,0
559,31439102,2010,328,0,16,0
560,31440002,2010,270,8,16,0
561,31441389,2010,332,0,17,0
562,31442200,2010,344,0,6,0
563,31442394,2010,358,0,2,0
564,31443108,2010,296,10,4,24
565,31443270,2010,377,0,2,0
566,31531303,2010,246,16,0,16
567,31532674,2010,392,0,0,0
568,31533095,2010,262,4,0,0
569,31534553,2010,261,0,0,0
570,31536118,2010,124,36,4,16
571,31536257,2010,68,56,2,16
572,31536751,2010,260,10,4,8
573,31539670,2010,182,10,4,4
574,31540003,2010,168,11,4,7
575,31540419,2010,196,14,0,18
576,31545384,2010,230,0,4,0
577,31546760,2010,213,0,4,14
578,31547429,2010,248,0,4,12
579,31550254,2010,148,16,8,12
580,31552612,2010,184,18,2,0
581,31552686,2010,200,8,2,0
582,31554613,2010,238,18,8,12
583,31555614,2010,302,0,0,12
584,10101219,2011,22,0,46,180
585,10101355,2011,4,0,145,62
586,10102621,2011,0,0,0,374
587,10103681,2011,0,42,0,152
588,10105511,2011,6,1,25,122
589,10120286,2011,12,0,320,4
590,10201210,2011,124,0,152,12
591,10202195,2011,0,8,0,204
592,10203221,2011,52,0,218,32
593,10204101,2011,8,0,339,0
594,10204453,2011,40,0,188,6
595,10220027,2011,128,0,48,4
596,10301026,2011,12,0,52,96
597,10301306,2011,8,0,64,232
598,10304360,2011,12,0,146,176
599,10306417,2011,0,24,4,250
600,10309273,2011,0,52,0,173
601,10312078,2011,16,0,36,226
602,10401541,2011,76,2,128,36
603,10401635,2011,24,4,168,58
604,10403488,2011,20,0,158,134
605,10405404,2011,12,0,12,216
606,10407068,2011,8,0,4,318
607,10407628,2011,8,0,0,332
608,10420080,2011,30,0,170,8
609,10501055,2011,0,0,400,0
610,10502730,2011,66,0,152,0
611,10503211,2011,46,0,290,0
612,10505151,2011,0,0,400,0
613,10506127,2011,28,0,284,0
614,10509474,2011,92,0,183,0
615,10732047,2011,14,0,144,72
616,10734393,2011,0,28,204,32
617,10735130,2011,0,24,206,40
618,10736053,2011,0,18,216,46
619,10739309,2011,0,36,180,20
620,10744154,2011,0,16,62,178
621,20101387,2011,4,50,22,240
622,20105073,2011,228,0,28,0
623,20107615,2011,0,0,388,0
624,20110170,2011,5,0,369,4
625,20111107,2011,8,0,262,0
626,20111107,2011,8,0,262,0
627,20111530,2011,56,0,312,0
628,20113529,2011,0,0,322,52
629,20201206,2011,96,0,91,47
630,20202343,2011,144,0,124,4
631,20203694,2011,52,0,287,0
632,20205525,2011,251,8,2,2
633,20205700,2011,148,0,12,22
634,20220038,2011,216,0,44,10
635,20301075,2011,156,14,20,25
636,20303447,2011,116,4,60,66
637,20304285,2011,260,0,16,0
638,20304662,2011,140,0,132,0
639,20305382,2011,381,0,6,0
640,20306272,2011,356,0,8,0
641,20401171,2011,400,0,0,0
642,20402045,2011,204,0,146,0
643,20403049,2011,298,0,16,0
644,20404660,2011,120,0,159,0
645,20405704,2011,400,0,0,0
646,20406348,2011,258,0,2,12
647,20502240,2011,388,0,4,0
648,20503476,2011,394,0,0,0
649,20505648,2011,352,0,0,4
650,20507371,2011,358,0,0,0
651,20508547,2011,132,0,6,18
652,20520255,2011,392,0,0,0
653,20601701,2011,400,0,0,0
654,20602617,2011,400,0,0,0
655,20603121,2011,400,0,0,0
656,20603455,2011,390,0,2,0
657,20604376,2011,320,0,4,0
658,20607733,2011,400,0,0,0
659,20609754,2011,400,0,0,0
660,20612564,2011,400,0,0,0
661,20615752,2011,400,0,0,0
662,20701659,2011,54,0,128,0
663,20702011,2011,64,0,102,4
664,20703595,2011,68,0,114,0
665,20704353,2011,4,0,376,0
666,20705328,2011,12,0,360,0
667,20705495,2011,20,0,232,0
668,20801356,2011,300,0,12,0
669,20801497,2011,400,0,0,0
670,20803155,2011,208,0,68,6
671,20803503,2011,400,0,0,0
672,20806716,2011,18,0,269,7
673,20807728,2011,304,0,8,0
674,20901232,2011,48,0,276,0
675,20902437,2011,22,0,144,88
676,20904602,2011,50,0,324,0
677,20906110,2011,3,0,341,0
678,20908293,2011,90,0,180,0
679,20908538,2011,52,0,200,0
680,21037224,2011,260,48,0,4
681,21038392,2011,88,96,8,4
682,21052642,2011,49,122,4,8
683,21054673,2011,138,52,6,4
684,21056222,2011,372,0,0,0
685,21069400,2011,256,4,4,2
686,21080755,2011,152,24,6,12
687,21085094,2011,400,0,0,0
688,21087736,2011,244,0,0,0
689,30101552,2011,68,0,142,0
690,30102632,2011,328,0,14,0
691,30103021,2011,184,0,41,2
692,30104040,2011,0,0,394,0
693,30106005,2011,62,1,75,64
694,30106005,2011,62,1,75,64
695,30108117,2011,8,0,220,0
696,30201498,2011,10,0,356,0
697,30202403,2011,136,0,108,0
698,30203142,2011,0,0,400,0
699,30205702,2011,90,12,80,36
700,30207060,2011,18,0,265,18
701,30212167,2011,188,2,62,14
702,30301554,2011,400,0,0,0
703,30302687,2011,400,0,0,0
704,30304139,2011,400,0,0,0
705,30305506,2011,400,0,0,0
706,30306056,2011,400,0,0,0
707,30306460,2011,400,0,0,0
708,30401397,2011,134,0,160,0
709,30402291,2011,400,0,0,0
710,30402570,2011,318,0,8,0
711,30403558,2011,400,0,0,0
712,30404493,2011,396,0,0,0
713,30406125,2011,274,0,24,0
714,30501359,2011,216,0,126,0
715,30502418,2011,400,0,0,0
716,30503214,2011,140,0,166,0
717,30506017,2011,2,0,380,0
718,30506105,2011,282,0,4,4
719,30508364,2011,250,0,12,6
720,30601052,2011,0,0,0,400
721,30601428,2011,7,0,75,61
722,30602220,2011,0,12,0,304
723,30602408,2011,0,0,0,400
724,30602443,2011,0,14,0,358
725,30620323,2011,8,0,20,336
726,30702134,2011,0,0,0,398
727,30705248,2011,10,0,0,352
728,30707722,2011,12,0,0,334
729,30709116,2011,308,0,6,4
730,30709698,2011,12,0,12,212
731,30710451,2011,14,0,0,252
732,30801205,2011,332,0,0,0
733,30801205,2011,332,0,0,0
734,30801386,2011,0,8,2,322
735,30802485,2011,0,20,0,234
736,30803321,2011,250,0,16,58
737,30805463,2011,393,0,0,0
738,30806630,2011,400,0,0,0
739,30901193,2011,400,0,0,0
740,30901320,2011,400,0,0,0
741,30901720,2011,400,0,0,0
742,30901756,2011,400,0,0,0
743,30902299,2011,400,0,0,0
744,30902425,2011,400,0,0,0
745,31001123,2011,368,0,2,0
746,31001228,2011,0,0,360,0
747,31002245,2011,232,0,48,0
748,31003482,2011,46,0,162,4
749,31005061,2011,32,0,60,22
750,31007645,2011,86,0,104,72
751,31102591,2011,8,0,0,302
752,31102591,2011,8,0,0,302
753,31104147,2011,20,0,32,172
754,31105559,2011,40,0,140,80
755,31106182,2011,44,0,226,6
756,31108265,2011,0,2,0,388
757,31120218,2011,77,0,58,43
758,31201234,2011,400,0,0,0
759,31201350,2011,224,0,102,0
760,31201747,2011,388,0,0,0
761,31204184,2011,0,0,400,0
762,31204209,2011,108,0,230,0
763,31220637,2011,154,0,82,0
764,31301671,2011,0,0,0,400
765,31301683,2011,0,0,0,360
766,31302651,2011,60,0,64,4
767,31303067,2011,36,0,248,0
768,31303263,2011,304,0,24,0
769,31306274,2011,4,0,12,280
770,31432279,2011,88,32,20,160
771,31435423,2011,299,12,0,37
772,31436063,2011,356,10,0,8
773,31438622,2011,261,20,10,33
774,31440152,2011,226,24,16,30
775,31442616,2011,396,0,0,0
776,31531161,2011,206,16,0,33
777,31535633,2011,104,46,4,16
778,31538278,2011,150,16,4,16
779,31541183,2011,242,5,4,4
780,31548148,2011,267,0,8,19
781,31553237,2011,244,8,4,0
782,10101215,2013,0,0,352,0
783,10103414,2013,0,0,0,352
784,10220103,2013,28,0,182,8
785,10302010,2013,39,0,22,88
786,10308636,2013,12,0,12,113
787,10502268,2013,8,6,272,30
788,10505310,2013,0,0,237,22
789,10732192,2013,4,0,146,96
790,10734370,2013,0,10,138,68
791,10735173,2013,0,24,168,28
792,10744649,2013,0,24,126,89
793,10746033,2013,20,0,185,20
794,20111718,2013,286,0,40,0
795,20112661,2013,60,0,156,0
796,20205207,2013,332,0,12,8
797,20206362,2013,0,0,360,0
798,20303065,2013,16,0,358,0
799,20306557,2013,380,0,8,0
800,20404032,2013,52,0,212,16
801,20404575,2013,204,8,28,0
802,20407398,2013,356,0,0,0
803,20407481,2013,400,0,0,0
804,20508349,2013,300,0,16,4
805,20601626,2013,400,0,0,0
806,20603090,2013,400,0,0,0
807,20603533,2013,400,0,0,0
808,20607260,2013,388,0,0,0
809,20607315,2013,400,0,0,0
810,20610050,2013,400,0,0,0
811,20614477,2013,400,0,0,0
812,20615064,2013,400,0,0,0
813,20615735,2013,400,0,0,0
814,20705372,2013,32,0,284,0
815,20801046,2013,48,0,284,0
816,20803156,2013,398,0,0,0
817,20804405,2013,19,0,334,0
818,20807727,2013,96,0,188,0
819,20807727,2013,96,0,188,0
820,20808421,2013,400,0,0,0
821,20906524,2013,52,0,224,0
822,20906605,2013,0,0,398,0
823,20908119,2013,152,0,116,6
824,20909113,2013,82,0,220,0
825,21037030,2013,88,142,12,4
826,21037536,2013,92,140,12,4
827,21048764,2013,188,100,4,4
828,21051203,2013,56,124,4,8
829,21055241,2013,214,44,0,0
830,21055693,2013,280,17,0,1
831,21066096,2013,228,24,8,0
832,21066339,2013,228,28,10,0
833,21080308,2013,29,208,4,2
834,21081573,2013,114,46,4,12
835,21086069,2013,308,8,0,0
836,21086436,2013,214,40,4,8
837,30101280,2013,46,0,154,2
838,30101545,2013,4,0,328,0
839,30103074,2013,32,0,288,0
840,30104708,2013,0,0,356,0
841,30105325,2013,196,0,36,4
842,30107624,2013,0,0,370,12
843,30109724,2013,158,0,74,6
844,30202252,2013,56,32,36,36
845,30208396,2013,20,0,343,0
846,30212307,2013,39,0,211,2
847,30302601,2013,400,0,0,0
848,30305082,2013,400,0,0,0
849,30305580,2013,278,0,27,0
850,30306555,2013,400,0,0,0
851,30403444,2013,400,0,0,0
852,30406710,2013,146,0,179,0
853,30501383,2013,218,0,112,0
854,30504518,2013,126,0,33,2
855,30602235,2013,0,0,0,400
856,30620196,2013,12,0,20,319
857,30704313,2013,0,0,0,400
858,30705391,2013,10,4,0,226
859,30708665,2013,16,0,16,162
860,30709438,2013,372,0,0,0
861,30801672,2013,362,0,0,4
862,30801679,2013,118,4,8,104
863,30803115,2013,242,0,10,0
864,30806611,2013,400,0,0,0
865,30901054,2013,400,0,0,0
866,30901475,2013,400,0,0,0
867,30901475,2013,400,0,0,0
868,31001749,2013,0,0,330,28
869,31002169,2013,200,0,44,0
870,31004312,2013,66,0,4,219
871,31108703,2013,38,0,158,56
872,31201007,2013,172,0,108,0
873,31201104,2013,16,0,324,0
874,31201516,2013,328,0,20,0
875,31435120,2013,288,4,0,22
876,31435753,2013,376,2,0,6
877,31439102,2013,314,0,16,0
878,31441389,2013,323,0,16,0
879,31443270,2013,369,0,2,0
880,31532674,2013,398,0,0,0
881,31536118,2013,126,36,4,16
882,31539670,2013,178,14,4,4
883,31546760,2013,213,0,4,14
884,31550254,2013,148,16,8,12
885,31555614,2013,304,0,0,12
886,10101100,2016,22,0,40,140
887,10101102,2016,0,0,186,84
888,10101104,2016,20,0,28,70
889,10101106,2016,0,0,24,216
890,10101108,2016,10,0,4,256
891,10102110,2016,0,0,0,356
892,10102112,2016,6,0,0,336
893,10103114,2016,0,36,0,289
894,10104116,2016,18,0,88,98
895,10104118,2016,0,21,0,265
896,10105120,2016,8,0,266,21
897,10120122,2016,10,0,332,16
898,10201125,2016,53,0,78,100
899,10201127,2016,128,0,192,0
900,10201129,2016,56,4,34,18
901,10202131,2016,12,0,12,250
902,10203133,2016,52,4,120,4
903,10203135,2016,141,0,133,0
904,10203137,2016,60,0,179,89
905,10204139,2016,34,0,26,96
906,10204141,2016,20,2,118,46
907,10205143,2016,83,0,219,2
908,10220145,2016,97,0,135,4
909,10220147,2016,60,0,184,4
910,10301148,2016,0,20,0,268
911,10301150,2016,0,14,0,276
912,10302152,2016,44,0,14,144
913,10304156,2016,0,0,0,312
914,10305158,2016,170,0,52,56
915,10306160,2016,0,0,0,334
916,10308162,2016,0,4,6,188
917,10309164,2016,56,0,24,128
918,10312166,2016,0,24,0,272
919,10312168,2016,0,0,34,268
920,10320170,2016,4,0,10,182
921,10401173,2016,176,0,182,0
922,10401175,2016,4,44,7,129
923,10401177,2016,190,0,115,0
924,10401179,2016,10,4,250,20
925,10402181,2016,14,42,0,128
926,10403183,2016,10,0,276,0
927,10404185,2016,3,2,4,292
928,10405187,2016,8,0,0,302
929,10407189,2016,4,0,337,0
930,10408191,2016,6,0,4,268
931,10420193,2016,32,0,101,10
932,10420195,2016,30,0,188,8
933,10501197,2016,0,0,400,0
934,10501199,2016,0,0,400,0
935,10502201,2016,72,0,228,0
936,10502203,2016,0,0,284,0
937,10503205,2016,182,0,126,0
938,10503206,2016,0,0,356,0
939,10505209,2016,0,0,399,0
940,10506211,2016,100,0,222,0
941,10507213,2016,44,0,280,0
942,10508215,2016,4,0,283,8
943,10509217,2016,6,0,190,22
944,10520219,2016,250,0,8,4
945,10601220,2016,8,0,0,16
946,10601222,2016,8,0,0,16
947,10601223,2016,10,2,4,68
948,10601226,2016,8,14,0,30
949,10601229,2016,12,4,4,68
950,10620230,2016,12,14,4,68
951,10731231,2016,28,0,31,79
952,10732233,2016,0,4,232,32
953,10733235,2016,0,4,174,58
954,10734237,2016,0,18,145,40
955,10734239,2016,0,28,194,16
956,10735241,2016,0,28,192,16
957,10736243,2016,0,24,228,18
958,10736245,2016,4,0,238,14
959,10738247,2016,0,28,192,16
960,10741249,2016,0,28,124,36
961,10744251,2016,0,24,130,58
962,10744253,2016,0,12,42,212
963,20101255,2016,6,0,390,0
964,20102257,2016,0,0,390,2
965,20105259,2016,114,0,182,0
966,20106261,2016,0,0,400,0
967,20107263,2016,12,0,348,0
968,20109265,2016,80,0,240,0
969,20110267,2016,188,0,93,0
970,20111269,2016,65,0,267,0
971,20111271,2016,218,0,62,0
972,20112273,2016,166,0,156,0
973,20113275,2016,8,0,296,0
974,20120277,2016,64,0,102,0
975,20201279,2016,138,0,4,4
976,20201281,2016,400,0,0,0
977,20201283,2016,290,0,0,0
978,20201285,2016,272,0,4,8
979,20203287,2016,104,0,224,12
980,20203289,2016,10,0,294,0
981,20203291,2016,60,0,199,2
982,20204293,2016,274,0,40,0
983,20205295,2016,0,0,236,28
984,20205297,2016,312,0,4,15
985,20206299,2016,56,0,182,2
986,20220301,2016,206,0,44,4
987,20301304,2016,386,0,0,0
988,20302306,2016,132,0,88,4
989,20303308,2016,4,44,71,108
990,20304312,2016,336,0,38,0
991,20304314,2016,220,0,2,0
992,20305316,2016,344,0,6,0
993,20305318,2016,264,0,28,0
994,20305320,2016,280,0,76,0
995,20306324,2016,400,0,0,0
996,20320326,2016,322,0,24,0
997,20401328,2016,156,0,96,0
998,20402330,2016,106,0,238,0
999,20402332,2016,164,0,112,0
1000,20402334,2016,239,0,43,0
1001,20403336,2016,334,0,0,0
1002,20403338,2016,58,0,156,0
1003,20404340,2016,324,0,52,0
1004,20404342,2016,231,0,22,0
1005,20405344,2016,347,0,6,0
1006,20406346,2016,306,0,4,0
1007,20406348,2016,278,0,12,12
1008,20421350,2016,400,0,0,0
1009,20501351,2016,58,0,130,10
1010,20501353,2016,164,0,22,28
1011,20502355,2016,400,0,0,0
1012,20502357,2016,376,0,0,0
1013,20504359,2016,372,0,0,4
1014,20505361,2016,364,0,0,0
1015,20505363,2016,356,0,4,0
1016,20507365,2016,368,0,0,0
1017,20507367,2016,364,0,0,0
1018,20507369,2016,198,4,32,0
1019,20509371,2016,140,4,74,12
1020,20520372,2016,383,0,0,0
1021,20601375,2016,400,0,0,0
1022,20601377,2016,400,0,0,0
1023,20602379,2016,400,0,0,0
1024,20602381,2016,400,0,0,0
1025,20603383,2016,400,0,0,0
1026,20603385,2016,400,0,0,0
1027,20603387,2016,400,0,0,0
1028,20604389,2016,400,0,0,0
1029,20604391,2016,336,0,12,0
1030,20606393,2016,400,0,0,0
1031,20606395,2016,400,0,0,0
1032,20607397,2016,400,0,0,0
1033,20609399,2016,400,0,0,0
1034,20610401,2016,400,0,0,0
1035,20612403,2016,400,0,0,0
1036,20614405,2016,400,0,0,0
1037,20615407,2016,378,0,4,0
1038,20615409,2016,400,0,0,0
1039,20701412,2016,54,0,140,0
1040,20702414,2016,180,0,60,0
1041,20702416,2016,382,0,18,0
1042,20703418,2016,90,0,174,0
1043,20703420,2016,160,0,88,0
1044,20703422,2016,16,0,312,0
1045,20704424,2016,8,0,352,0
1046,20704426,2016,72,0,68,0
1047,20705428,2016,48,0,226,0
1048,20705430,2016,70,0,272,0
1049,20706432,2016,196,0,28,0
1050,20720434,2016,302,8,4,8
1051,20801436,2016,6,0,394,0
1052,20801438,2016,400,0,0,0
1053,20802440,2016,168,0,84,0
1054,20803442,2016,214,0,48,0
1055,20803444,2016,350,0,0,0
1056,20803446,2016,142,0,66,0
1057,20804448,2016,120,0,136,0
1058,20805450,2016,28,0,324,0
1059,20806452,2016,132,0,88,20
1060,20807454,2016,292,0,32,0
1061,20807456,2016,211,0,96,20
1062,20820458,2016,347,0,0,4
1063,20901459,2016,44,0,340,0
1064,20901461,2016,0,0,400,0
1065,20902463,2016,0,0,400,0
1066,20903465,2016,76,0,158,0
1067,20904467,2016,16,0,320,0
1068,20904469,2016,6,0,350,0
1069,20905471,2016,254,0,46,0
1070,20906473,2016,35,0,249,0
1071,20907475,2016,92,0,62,32
1072,20908477,2016,200,0,36,0
1073,20908479,2016,64,0,136,0
1074,20908481,2016,4,0,308,0
1075,21036483,2016,128,156,0,16
1076,21037485,2016,24,164,6,14
1077,21038487,2016,52,140,0,16
1078,21051489,2016,132,124,0,12
1079,21051491,2016,230,68,0,8
1080,21053493,2016,110,96,0,8
1081,21053495,2016,162,64,6,4
1082,21055497,2016,136,16,8,16
1083,21055499,2016,201,85,0,0
1084,21066501,2016,56,156,12,4
1085,21068503,2016,328,0,0,0
1086,21076505,2016,300,4,2,4
1087,21080507,2016,30,234,0,10
1088,21081509,2016,60,151,4,12
1089,21085511,2016,400,0,0,0
1090,21086513,2016,114,150,0,22
1091,21087515,2016,284,0,0,0
1092,21088517,2016,290,0,0,0
1093,30101520,2016,332,0,20,0
1094,30102522,2016,0,0,396,0
1095,30102524,2016,60,0,0,0
1096,30103526,2016,324,0,8,8
1097,30103528,2016,57,12,114,99
1098,30104530,2016,0,0,372,0
1099,30105532,2016,40,0,138,4
1100,30106534,2016,112,0,227,0
1101,30106534,2016,112,0,227,0
1102,30106536,2016,16,16,192,52
1103,30106536,2016,16,16,192,52
1104,30108538,2016,4,0,42,104
1105,30109540,2016,0,0,219,5
1106,30120541,2016,176,16,56,4
1107,30201544,2016,2,0,398,0
1108,30201546,2016,4,0,312,0
1109,30202548,2016,0,0,372,0
1110,30203550,2016,0,0,400,0
1111,30203552,2016,0,0,400,0
1112,30203554,2016,0,0,392,0
1113,30203554,2016,0,0,392,0
1114,30205556,2016,320,0,52,0
1115,30206558,2016,76,14,18,92
1116,30207560,2016,0,0,400,0
1117,30208562,2016,20,0,356,0
1118,30212564,2016,34,8,88,20
1119,30222566,2016,139,0,47,0
1120,30301567,2016,376,0,4,0
1121,30301569,2016,400,0,0,0
1122,30302571,2016,388,0,0,0
1123,30302573,2016,340,12,4,0
1124,30304575,2016,392,0,0,0
1125,30304577,2016,400,0,0,0
1126,30305579,2016,352,0,30,0
1127,30305581,2016,400,0,0,0
1128,30306583,2016,28,2,292,6
1129,30306585,2016,400,0,0,0
1130,30306585,2016,400,0,0,0
1131,30306587,2016,396,0,0,0
1132,30307589,2016,364,0,20,0
1133,30401592,2016,260,2,0,10
1134,30401594,2016,400,0,0,0
1135,30401594,2016,400,0,0,0
1136,30402596,2016,400,0,0,0
1137,30402598,2016,380,0,0,0
1138,30403600,2016,129,0,102,1
1139,30403602,2016,400,0,0,0
1140,30403604,2016,384,0,0,0
1141,30403606,2016,400,0,0,0
1142,30404608,2016,380,0,0,0
1143,30405610,2016,227,0,59,0
1144,30406612,2016,34,0,278,0
1145,30420614,2016,212,4,8,12
1146,30501615,2016,0,0,396,0
1147,30501617,2016,0,0,400,0
1148,30501619,2016,8,0,352,0
1149,30502621,2016,168,0,156,0
1150,30503623,2016,75,0,194,0
1151,30504625,2016,94,0,219,2
1152,30505627,2016,312,0,42,0
1153,30506629,2016,26,0,208,0
1154,30506631,2016,176,0,20,0
1155,30507633,2016,400,0,0,0
1156,30508635,2016,398,0,0,0
1157,30508637,2016,282,0,22,0
1158,30601639,2016,2,0,8,366
1159,30601641,2016,0,0,0,400
1160,30601643,2016,8,0,18,334
1161,30601645,2016,14,0,122,26
1162,30601647,2016,0,0,60,270
1163,30602649,2016,0,0,0,396
1164,30602651,2016,4,0,0,376
1165,30602653,2016,8,0,20,326
1166,30602655,2016,0,28,0,286
1167,30602657,2016,0,4,0,378
1168,30602659,2016,0,0,0,390
1169,30620661,2016,8,0,14,344
1170,30701663,2016,4,0,0,356
1171,30703665,2016,0,0,0,384
1172,30704667,2016,4,0,8,280
1173,30705669,2016,26,0,2,238
1174,30706671,2016,0,0,0,400
1175,30707673,2016,0,0,0,400
1176,30708675,2016,0,0,0,396
1177,30709677,2016,64,0,8,144
1178,30709679,2016,89,0,0,214
1179,30710681,2016,400,0,0,0
1180,30710683,2016,254,4,0,62
1181,30711685,2016,252,0,22,2
1182,30801688,2016,8,0,0,244
1183,30801690,2016,198,0,0,8
1184,30801692,2016,340,0,0,8
1185,30802694,2016,136,0,8,8
1186,30802696,2016,10,2,0,262
1187,30803698,2016,150,0,24,0
1188,30804700,2016,396,0,0,0
1189,30805702,2016,400,0,0,0
1190,30805704,2016,372,0,0,0
1191,30806706,2016,400,0,0,0
1192,30806708,2016,388,0,0,0
1193,30820710,2016,70,26,4,90
1194,30901711,2016,400,0,0,0
1195,30901713,2016,400,0,0,0
1196,30901715,2016,400,0,0,0
1197,30901717,2016,400,0,0,0
1198,30901719,2016,400,0,0,0
1199,30901721,2016,270,0,6,32
1200,30901723,2016,400,0,0,0
1201,30901725,2016,354,0,0,4
1202,30902727,2016,324,0,4,0
1203,30902729,2016,48,24,0,138
1204,30902731,2016,400,0,0,0
1205,30903733,2016,344,0,4,0
1206,31001736,2016,344,0,8,0
1207,31001738,2016,0,0,400,0
1208,31001740,2016,0,0,392,0
1209,31001742,2016,0,0,392,0
1210,31002744,2016,138,0,140,0
1211,31003746,2016,0,0,18,288
1212,31003748,2016,16,0,84,172
1213,31004750,2016,0,0,2,346
1214,31005752,2016,70,0,52,36
1215,31006754,2016,75,0,55,34
1216,31007756,2016,116,0,64,0
1217,31020758,2016,69,0,42,29
1218,31101759,2016,32,0,148,42
1219,31102761,2016,4,4,138,66
1220,31104762,2016,12,0,0,304
1221,31104765,2016,16,0,52,206
1222,31104767,2016,16,0,80,88
1223,31105769,2016,66,0,248,4
1224,31105771,2016,8,0,348,0
1225,31106773,2016,140,0,114,0
1226,31106775,2016,46,14,30,20
1227,31107777,2016,20,4,60,32
1228,31109779,2016,2,0,0,372
1229,31120781,2016,176,0,20,24
1230,31201783,2016,194,0,38,0
1231,31201785,2016,92,0,212,0
1232,31201787,2016,5,0,344,0
1233,31201789,2016,114,0,268,0
1234,31201791,2016,176,0,160,0
1235,31201793,2016,60,0,226,0
1236,31201795,2016,16,0,377,0
1237,31204797,2016,0,0,389,0
1238,31204799,2016,46,0,262,0
1239,31204803,2016,72,0,168,0
1240,31220805,2016,140,8,98,0
1241,31301807,2016,4,0,10,300
1242,31301809,2016,0,0,0,278
1243,31301811,2016,0,0,0,316
1244,31302813,2016,0,0,0,322
1245,31302815,2016,12,0,240,6
1246,31302817,2016,8,0,220,6
1247,31303819,2016,36,0,277,0
1248,31303821,2016,0,0,400,0
1249,31303823,2016,0,0,377,0
1250,31303825,2016,5,0,387,0
1251,31306827,2016,6,0,24,226
1252,31306829,2016,2,0,14,273
1253,31431831,2016,308,0,8,0
1254,31432833,2016,100,20,0,92
1255,31434835,2016,154,16,10,66
1256,31435837,2016,392,0,0,0
1257,31435839,2016,398,0,0,0
1258,31436841,2016,398,0,0,0
1259,31438843,2016,380,0,0,0
1260,31438845,2016,384,0,4,0
1261,31440847,2016,240,12,0,12
1262,31441849,2016,360,0,0,0
1263,31442851,2016,380,0,0,0
1264,31443853,2016,388,0,0,0
1265,31531855,2016,340,4,0,5
1266,31532857,2016,400,0,0,0
1267,31534859,2016,346,0,8,0
1268,31535861,2016,184,16,4,16
1269,31536863,2016,212,22,4,16
1270,31539865,2016,228,12,0,16
1271,31540867,2016,180,0,8,16
1272,31544869,2016,152,20,4,8
1273,31544869,2016,152,20,4,8
1274,31547871,2016,284,0,8,12
1275,31547871,2016,284,0,8,12
1276,31548873,2016,280,0,8,12
1277,31552875,2016,204,8,4,0
1278,31554877,2016,380,0,0,8
1279,10101101,2017,16,0,128,42
1280,10101103,2017,0,0,34,268
1281,10101105,2017,8,0,214,38
1282,10101107,2017,4,0,20,292
1283,10102109,2017,4,48,0,132
1284,10102111,2017,0,12,0,316
1285,10103113,2017,0,0,0,398
1286,10103115,2017,0,0,6,283
1287,10104117,2017,0,0,8,360
1288,10105119,2017,4,0,48,208
1289,10105121,2017,4,0,56,110
1290,10120123,2017,16,0,360,0
1291,10201124,2017,64,0,20,42
1292,10201126,2017,294,0,58,0
1293,10201128,2017,222,0,78,0
1294,10202130,2017,30,0,36,186
1295,10203132,2017,32,0,292,4
1296,10203134,2017,18,0,161,114
1297,10203136,2017,132,0,58,0
1298,10204138,2017,14,0,244,32
1299,10204140,2017,110,0,66,4
1300,10205142,2017,32,0,108,70
1301,10205144,2017,18,0,96,124
1302,10220146,2017,146,0,12,4
1303,10301149,2017,8,40,0,168
1304,10301151,2017,0,30,0,148
1305,10302153,2017,0,8,0,306
1306,10303154,2017,12,0,50,184
1307,10304155,2017,10,0,16,206
1308,10305157,2017,28,6,16,91
1309,10306159,2017,14,4,16,86
1310,10307161,2017,14,0,44,182
1311,10309163,2017,36,20,2,78
1312,10310165,2017,0,0,0,316
1313,10312167,2017,0,0,8,334
1314,10312169,2017,20,0,4,192
1315,10320171,2017,4,0,4,280
1316,10401172,2017,28,0,300,4
1317,10401174,2017,73,0,265,0
1318,10401176,2017,30,0,222,20
1319,10401178,2017,36,0,168,8
1320,10401180,2017,104,0,212,0
1321,10403182,2017,74,0,118,96
1322,10404184,2017,28,0,8,168
1323,10404186,2017,0,0,0,350
1324,10407188,2017,36,0,20,98
1325,10407190,2017,0,0,184,138
1326,10408192,2017,0,0,56,264
1327,10420194,2017,28,0,184,8
1328,10501196,2017,2,0,396,0
1329,10501198,2017,0,0,392,0
1330,10502200,2017,2,14,128,92
1331,10502202,2017,10,0,324,12
1332,10503204,2017,8,0,240,80
1333,10504207,2017,42,0,144,26
1334,10505208,2017,4,0,300,4
1335,10505210,2017,0,0,344,0
1336,10506212,2017,8,0,304,4
1337,10507214,2017,2,0,362,0
1338,10508216,2017,10,0,312,2
1339,10510218,2017,4,0,361,0
1340,10601221,2017,4,0,8,16
1341,10601222,2017,4,0,8,16
1342,10601224,2017,16,20,0,40
1343,10601225,2017,16,22,0,46
1344,10601227,2017,0,0,0,12
1345,10601228,2017,4,0,8,16
1346,10732232,2017,18,0,100,94
1347,10733234,2017,14,0,146,58
1348,10734236,2017,0,18,226,22
1349,10734238,2017,0,4,124,56
1350,10735240,2017,0,28,204,16
1351,10736242,2017,0,14,246,30
1352,10736244,2017,0,28,205,14
1353,10737246,2017,0,28,200,18
1354,10739248,2017,0,28,150,36
1355,10743250,2017,0,24,88,88
1356,10744252,2017,0,10,42,226
1357,10746254,2017,8,0,208,56
1358,20101256,2017,0,0,400,0
1359,20103258,2017,16,0,308,0
1360,20105260,2017,347,0,1,0
1361,20107262,2017,0,0,388,0
1362,20108264,2017,366,0,0,0
1363,20110266,2017,4,4,317,15
1364,20110268,2017,128,0,72,0
1365,20111270,2017,30,0,338,0
1366,20112272,2017,0,0,400,0
1367,20112274,2017,64,0,198,0
1368,20113276,2017,24,0,252,0
1369,20120278,2017,196,0,25,0
1370,20201280,2017,400,0,0,0
1371,20201282,2017,232,0,8,38
1372,20201284,2017,260,0,6,13
1373,20202286,2017,180,0,54,22
1374,20203288,2017,272,0,12,0
1375,20203290,2017,110,0,44,0
1376,20204292,2017,188,0,72,4
1377,20205294,2017,187,0,24,6
1378,20205296,2017,12,0,250,4
1379,20205298,2017,347,0,2,0
1380,20206300,2017,66,0,278,10
1381,20220302,2017,64,0,276,4
1382,20301303,2017,24,18,22,132
1383,20302305,2017,258,0,10,0
1384,20302305,2017,258,0,10,0
1385,20303307,2017,32,0,312,0
1386,20303309,2017,64,0,194,76
1387,20304310,2017,268,0,20,0
1388,20304311,2017,298,0,18,0
1389,20304313,2017,211,0,7,0
1390,20304315,2017,400,0,0,0
1391,20305317,2017,374,0,0,0
1392,20305319,2017,400,0,0,0
1393,20305321,2017,360,0,13,0
1394,20306322,2017,192,0,152,0
1395,20306323,2017,312,0,30,8
1396,20306325,2017,390,0,2,0
1397,20401327,2017,382,0,8,0
1398,20401329,2017,44,0,216,0
1399,20402331,2017,394,0,0,0
1400,20402333,2017,384,0,12,0
1401,20403335,2017,263,0,56,0
1402,20403337,2017,382,0,0,0
1403,20404339,2017,160,0,92,0
1404,20404341,2017,382,0,4,0
1405,20405343,2017,400,0,0,0
1406,20405345,2017,202,0,82,0
1407,20406347,2017,236,0,24,0
1408,20407349,2017,392,0,0,0
1409,20501352,2017,392,0,0,0
1410,20502354,2017,376,0,24,0
1411,20502356,2017,388,0,4,0
1412,20503358,2017,394,0,0,0
1413,20504360,2017,386,0,0,0
1414,20505362,2017,304,0,0,0
1415,20506364,2017,268,0,4,30
1416,20507366,2017,212,0,2,8
1417,20507368,2017,168,0,26,4
1418,20508370,2017,397,0,0,0
1419,20520373,2017,320,0,8,0
1420,20521374,2017,318,0,10,0
1421,20601376,2017,400,0,0,0
1422,20602378,2017,400,0,0,0
1423,20602380,2017,394,0,0,0
1424,20603382,2017,400,0,0,0
1425,20603384,2017,384,2,0,0
1426,20603386,2017,400,0,0,0
1427,20603388,2017,400,0,0,0
1428,20604390,2017,400,0,0,0
1429,20605392,2017,400,0,0,0
1430,20606394,2017,366,0,0,0
1431,20607396,2017,400,0,0,0
1432,20608398,2017,400,0,0,0
1433,20610400,2017,400,0,0,0
1434,20611402,2017,320,4,8,0
1435,20613404,2017,328,0,0,0
1436,20614406,2017,400,0,0,0
1437,20615408,2017,400,0,0,0
1438,20615410,2017,400,0,0,0
1439,20701411,2017,62,12,94,52
1440,20702413,2017,343,0,4,0
1441,20702415,2017,130,0,54,2
1442,20702415,2017,130,0,54,2
1443,20702417,2017,400,0,0,0
1444,20703419,2017,106,0,100,0
1445,20703421,2017,164,0,40,0
1446,20704423,2017,0,0,400,0
1447,20704425,2017,14,0,344,0
1448,20705427,2017,8,0,336,0
1449,20705429,2017,140,0,104,0
1450,20705431,2017,8,0,366,0
1451,20706433,2017,100,0,138,0
1452,20801435,2017,108,0,20,0
1453,20801437,2017,0,0,388,0
1454,20801439,2017,312,0,46,0
1455,20802441,2017,164,0,44,0
1456,20803443,2017,177,0,96,0
1457,20803445,2017,380,0,0,0
1458,20804447,2017,52,0,116,0
1459,20804449,2017,292,0,32,0
1460,20806451,2017,198,0,128,0
1461,20807453,2017,400,0,0,0
1462,20807455,2017,2,4,214,6
1463,20808457,2017,46,0,152,12
1464,20901460,2017,62,0,302,0
1465,20902462,2017,0,0,400,0
1466,20902464,2017,28,0,54,110
1467,20903466,2017,170,0,34,0
1468,20904468,2017,0,0,324,0
1469,20904470,2017,8,0,340,0
1470,20906472,2017,10,0,334,0
1471,20906474,2017,0,0,376,0
1472,20908476,2017,80,0,280,0
1473,20908478,2017,28,0,222,0
1474,20908480,2017,4,0,310,0
1475,20909482,2017,10,0,337,0
1476,21037484,2017,204,82,0,8
1477,21037486,2017,144,116,1,10
1478,21040488,2017,332,0,0,4
1479,21040488,2017,332,0,0,4
1480,21051490,2017,77,134,0,12
1481,21052492,2017,42,152,0,14
1482,21053494,2017,86,110,0,10
1483,21054496,2017,260,8,0,4
1484,21055498,2017,138,84,0,4
1485,21059500,2017,208,4,8,8
1486,21066502,2017,167,51,6,6
1487,21074504,2017,332,0,0,4
1488,21079506,2017,50,156,0,6
1489,21080508,2017,87,213,1,4
1490,21083510,2017,400,0,0,0
1491,21086512,2017,128,144,0,20
1492,21087514,2017,244,4,0,4
1493,21087516,2017,216,4,0,4
1494,21088518,2017,400,0,0,0
1495,30101519,2017,155,12,113,12
1496,30101521,2017,4,0,283,0
1497,30102523,2017,0,0,400,0
1498,30103525,2017,144,0,84,14
1499,30103527,2017,105,0,179,0
1500,30104529,2017,14,0,350,0
1501,30105531,2017,256,0,70,0
1502,30106533,2017,28,0,164,4
1503,30106535,2017,0,0,52,8
1504,30107537,2017,0,0,400,0
1505,30108539,2017,28,0,196,0
1506,30121542,2017,80,0,132,24
1507,30201543,2017,8,0,298,0
1508,30201545,2017,0,0,400,0
1509,30202547,2017,52,0,232,0
1510,30203549,2017,2,0,350,0
1511,30203551,2017,0,0,400,0
1512,30203553,2017,4,0,392,0
1513,30204555,2017,192,12,4,4
1514,30206557,2017,26,0,268,0
1515,30207559,2017,0,0,400,0
1516,30207561,2017,24,0,210,0
1517,30209563,2017,28,0,220,0
1518,30212565,2017,32,0,176,0
1519,30301568,2017,400,0,0,0
1520,30302570,2017,400,0,0,0
1521,30302572,2017,384,0,4,0
1522,30302574,2017,400,0,0,0
1523,30304576,2017,400,0,0,0
1524,30305578,2017,224,0,20,0
1525,30305580,2017,262,0,37,0
1526,30305582,2017,400,0,0,0
1527,30306584,2017,189,0,59,0
1528,30306586,2017,400,0,0,0
1529,30306588,2017,176,24,0,112
1530,30307590,2017,400,0,0,0
1531,30401591,2017,34,0,286,0
1532,30401593,2017,400,0,0,0
1533,30402595,2017,386,0,0,0
1534,30402597,2017,396,0,0,0
1535,30402599,2017,396,0,0,0
1536,30403601,2017,400,0,0,0
1537,30403603,2017,400,0,0,0
1538,30403605,2017,400,0,0,0
1539,30403605,2017,400,0,0,0
1540,30404607,2017,332,0,10,0
1541,30404609,2017,384,0,0,0
1542,30406611,2017,371,0,3,0
1543,30406613,2017,382,0,2,0
1544,30501616,2017,0,0,397,0
1545,30501618,2017,378,0,0,0
1546,30502620,2017,326,0,64,0
1547,30503622,2017,338,0,8,0
1548,30503624,2017,0,0,400,0
1549,30504626,2017,100,0,128,0
1550,30506628,2017,4,0,392,0
1551,30506630,2017,32,0,184,0
1552,30506632,2017,212,0,22,0
1553,30507634,2017,306,0,14,4
1554,30508636,2017,388,0,0,0
1555,30508638,2017,168,0,40,4
1556,30601640,2017,0,0,0,400
1557,30601642,2017,0,0,0,394
1558,30601644,2017,8,0,16,340
1559,30601646,2017,0,0,38,288
1560,30601648,2017,20,0,12,172
1561,30602650,2017,4,0,0,376
1562,30602652,2017,13,0,0,297
1563,30602654,2017,0,6,4,296
1564,30602656,2017,0,0,0,398
1565,30602658,2017,0,0,0,400
1566,30602660,2017,0,0,0,354
1567,30620662,2017,8,0,20,292
1568,30702664,2017,0,0,0,380
1569,30703666,2017,8,0,0,364
1570,30705668,2017,8,0,0,326
1571,30706670,2017,0,0,0,388
1572,30707672,2017,89,0,0,180
1573,30708674,2017,18,0,24,93
1574,30708674,2017,18,0,24,93
1575,30708676,2017,8,0,0,376
1576,30709678,2017,200,0,25,0
1577,30709680,2017,16,0,0,312
1578,30710682,2017,270,4,0,34
1579,30710684,2017,322,0,8,0
1580,30720686,2017,0,0,0,324
1581,30801687,2017,48,0,0,48
1582,30801689,2017,120,4,12,80
1583,30801691,2017,162,0,36,0
1584,30801693,2017,123,4,6,39
1585,30802695,2017,68,0,16,160
1586,30803697,2017,183,0,6,0
1587,30803699,2017,224,0,8,38
1588,30804701,2017,286,0,6,0
1589,30805703,2017,208,0,4,24
1590,30805705,2017,400,0,0,0
1591,30806707,2017,400,0,0,0
1592,30806709,2017,400,0,0,0
1593,30901712,2017,400,0,0,0
1594,30901714,2017,400,0,0,0
1595,30901716,2017,356,4,0,0
1596,30901718,2017,400,0,0,0
1597,30901720,2017,400,0,0,0
1598,30901722,2017,400,0,0,0
1599,30901724,2017,400,0,0,0
1600,30901726,2017,268,4,6,34
1601,30902728,2017,400,0,0,0
1602,30902730,2017,253,0,1,34
1603,30903732,2017,64,0,92,0
1604,30903734,2017,338,0,4,0
1605,31001735,2017,0,0,396,0
1606,31001737,2017,0,0,382,0
1607,31001739,2017,0,0,374,0
1608,31001741,2017,0,0,376,0
1609,31002743,2017,340,0,4,0
1610,31003745,2017,0,2,0,364
1611,31003747,2017,4,0,208,72
1612,31003749,2017,8,0,337,0
1613,31004751,2017,184,0,16,0
1614,31006753,2017,52,0,40,28
1615,31007755,2017,100,0,30,10
1616,31007757,2017,5,0,96,78
1617,31101760,2017,0,0,0,360
1618,31104763,2017,12,0,12,250
1619,31104764,2017,64,0,116,8
1620,31104766,2017,10,0,34,235
1621,31104768,2017,40,0,60,86
1622,31105770,2017,116,0,228,0
1623,31106772,2017,160,0,80,0
1624,31106774,2017,63,10,114,51
1625,31106776,2017,36,0,192,12
1626,31108778,2017,0,0,1,324
1627,31110780,2017,0,0,150,94
1628,31120782,2017,45,0,18,46
1629,31201784,2017,98,0,162,0
1630,31201786,2017,112,8,124,0
1631,31201788,2017,0,0,374,0
1632,31201790,2017,170,0,156,0
1633,31201792,2017,0,0,380,0
1634,31201794,2017,364,0,4,0
1635,31204796,2017,0,0,397,0
1636,31204798,2017,0,0,400,0
1637,31204800,2017,114,0,158,0
1638,31204801,2017,0,0,400,0
1639,31204802,2017,296,0,50,0
1640,31204804,2017,68,0,260,0
1641,31220806,2017,212,8,20,0
1642,31301808,2017,4,0,0,284
1643,31301810,2017,30,0,30,52
1644,31301812,2017,10,0,2,336
1645,31302814,2017,85,0,36,48
1646,31302816,2017,16,0,274,0
1647,31303818,2017,16,0,356,0
1648,31303820,2017,32,0,326,0
1649,31303822,2017,20,0,240,14
1650,31303824,2017,22,0,237,8
1651,31303826,2017,52,0,252,0
1652,31306828,2017,16,0,37,121
1653,31306830,2017,21,8,39,80
1654,31431832,2017,348,0,8,0
1655,31432834,2017,148,24,8,60
1656,31435836,2017,280,8,4,20
1657,31435838,2017,380,0,0,0
1658,31436840,2017,352,0,0,2
1659,31437842,2017,367,0,0,0
1660,31438844,2017,384,0,0,0
1661,31439846,2017,364,0,0,4
1662,31441848,2017,226,8,8,12
1663,31442850,2017,360,0,0,8
1664,31443852,2017,375,0,0,3
1665,31444854,2017,376,0,0,0
1666,31531856,2017,242,12,0,14
1667,31533858,2017,318,0,8,4
1668,31535860,2017,148,32,4,16
1669,31536862,2017,240,8,4,0
1670,31537864,2017,72,60,0,20
1671,31539866,2017,127,30,0,18
1672,31541868,2017,154,26,6,4
1673,31546870,2017,318,0,0,12
1674,31548872,2017,298,0,0,12
1675,31551874,2017,89,50,2,4
1676,31553876,2017,368,0,4,0
1677,31555878,2017,352,0,2,2
1678,10101100,2019,26,0,48,96
1679,10101102,2019,0,0,190,88
1680,10101104,2019,28,0,44,34
1681,10101106,2019,0,0,8,284
1682,10102107,2019,8,0,290,0
1683,10102108,2019,20,0,149,55
1684,10102110,2019,4,4,4,228
1685,10103112,2019,6,0,15,272
1686,10105114,2019,0,0,16,296
1687,10106116,2019,36,0,120,16
1688,10107118,2019,12,0,172,68
1689,10109119,2019,49,2,98,44
1690,10109120,2019,8,0,234,18
1691,10120122,2019,10,0,322,16
1692,10201124,2019,58,0,38,46
1693,10201126,2019,220,0,126,0
1694,10201128,2019,158,0,158,0
1695,10203130,2019,0,8,0,356
1696,10203131,2019,92,8,29,4
1697,10203132,2019,40,0,240,16
1698,10203132,2019,40,0,240,16
1699,10203134,2019,26,0,109,126
1700,10204136,2019,60,0,165,0
1701,10204138,2019,12,0,104,170
1702,10204139,2019,62,0,28,78
1703,10204140,2019,100,0,46,8
1704,10205142,2019,36,0,88,66
1705,10220143,2019,176,0,4,8
1706,10220144,2019,216,0,0,8
1707,10220146,2019,160,0,6,8
1708,10301148,2019,0,18,0,305
1709,10301150,2019,0,6,0,344
1710,10302152,2019,45,0,12,116
1711,10304154,2019,4,4,0,324
1712,10304155,2019,14,0,12,160
1713,10305156,2019,28,12,16,52
1714,10306157,2019,14,12,7,278
1715,10307159,2019,22,2,19,25
1716,10309161,2019,2,6,0,352
1717,10310163,2019,0,0,0,342
1718,10312165,2019,0,0,12,276
1719,10312166,2019,0,28,0,256
1720,10312167,2019,0,0,4,320
1721,10401169,2019,16,0,8,196
1722,10401169,2019,16,0,8,196
1723,10401170,2019,28,0,175,42
1724,10401171,2019,8,20,25,32
1725,10401172,2019,16,0,316,4
1726,10401173,2019,140,0,202,0
1727,10401174,2019,65,0,274,0
1728,10403175,2019,72,0,76,91
1729,10403177,2019,8,36,16,152
1730,10404179,2019,4,0,28,248
1731,10405181,2019,0,0,0,388
1732,10407182,2019,20,0,4,234
1733,10407183,2019,12,0,0,204
1734,10408185,2019,14,0,52,206
1735,10409186,2019,0,9,0,291
1736,10410187,2019,0,16,224,56
1737,10420188,2019,12,0,226,8
1738,10501190,2019,14,0,346,0
1739,10501191,2019,0,0,400,0
1740,10502193,2019,34,0,298,0
1741,10502195,2019,56,0,120,4
1742,10502196,2019,4,0,306,4
1743,10502197,2019,30,0,190,0
1744,10504198,2019,24,0,248,0
1745,10505200,2019,8,0,218,8
1746,10505201,2019,0,0,400,0
1747,10506203,2019,18,0,36,172
1748,10507205,2019,0,0,400,0
1749,10508206,2019,0,0,97,117
1750,10508207,2019,55,0,6,164
1751,10510209,2019,0,0,400,0
1752,10601211,2019,4,0,8,16
1753,10731213,2019,0,28,158,34
1754,10733215,2019,0,28,130,38
1755,10734216,2019,0,16,88,64
1756,10734217,2019,0,24,100,48
1757,10737219,2019,26,0,143,33
1758,10737220,2019,22,0,140,58
1759,10737221,2019,20,0,148,68
1760,10738223,2019,0,24,160,32
1761,10739225,2019,0,19,177,30
1762,10740227,2019,14,0,250,12
1763,10740228,2019,0,0,262,8
1764,10740229,2019,0,0,196,20
1765,10745235,2019,0,4,84,96
1766,20101237,2019,4,4,268,8
1767,20103239,2019,0,0,400,0
1768,20104240,2019,112,0,168,0
1769,20106241,2019,18,0,340,0
1770,20107243,2019,0,0,400,0
1771,20109244,2019,368,0,9,0
1772,20109245,2019,400,0,0,0
1773,20112247,2019,105,0,75,31
1774,20115249,2019,40,0,286,0
1775,20120251,2019,278,0,24,0
1776,20121252,2019,298,0,72,0
1777,20121252,2019,298,0,72,0
1778,20121253,2019,46,0,318,0
1779,20122254,2019,74,0,214,0
1780,20123256,2019,384,0,4,0
1781,20124258,2019,4,8,192,36
1782,20127260,2019,8,0,380,0
1783,20201261,2019,154,0,6,10
1784,20201262,2019,92,0,68,22
1785,20201263,2019,340,0,6,0
1786,20201264,2019,228,0,0,8
1787,20201266,2019,336,0,0,0
1788,20202268,2019,196,0,56,20
1789,20202268,2019,196,0,56,20
1790,20204270,2019,176,0,68,16
1791,20204272,2019,22,0,184,18
1792,20206274,2019,0,4,8,16
1793,20206275,2019,12,8,0,192
1794,20206276,2019,256,0,16,0
1795,20206278,2019,36,0,12,40
1796,20206279,2019,374,0,4,0
1797,20206280,2019,260,0,8,4
1798,20207282,2019,68,0,200,0
1799,20301284,2019,194,24,2,63
1800,20302286,2019,100,0,108,12
1801,20303288,2019,140,0,90,0
1802,20303290,2019,224,0,38,0
1803,20303291,2019,266,0,8,0
1804,20303292,2019,334,0,34,0
1805,20304293,2019,72,0,206,0
1806,20305295,2019,286,0,28,0
1807,20305296,2019,356,0,24,0
1808,20305297,2019,394,0,0,0
1809,20305298,2019,400,0,0,0
1810,20306300,2019,237,0,44,0
1811,20307301,2019,20,0,276,0
1812,20307302,2019,361,0,0,0
1813,20307303,2019,372,0,24,0
1814,20401305,2019,354,0,0,0
1815,20401306,2019,300,0,8,0
1816,20402308,2019,400,0,0,0
1817,20402310,2019,367,0,4,0
1818,20402311,2019,315,0,8,0
1819,20403312,2019,316,0,12,0
1820,20403313,2019,388,0,0,0
1821,20404315,2019,392,0,0,0
1822,20405317,2019,400,0,0,0
1823,20405319,2019,400,0,0,0
1824,20406321,2019,400,0,0,0
1825,20406322,2019,370,0,0,0
1826,20406323,2019,200,0,28,68
1827,20407324,2019,400,0,0,0
1828,20501326,2019,40,0,44,0
1829,20501328,2019,287,0,0,0
1830,20502329,2019,194,0,0,15
1831,20502330,2019,356,0,8,0
1832,20502332,2019,162,0,18,32
1833,20503333,2019,400,0,0,0
1834,20504334,2019,376,0,4,0
1835,20505336,2019,385,0,0,0
1836,20506338,2019,400,0,0,0
1837,20507340,2019,356,0,4,0
1838,20507341,2019,400,0,0,0
1839,20507342,2019,128,0,40,8
1840,20508344,2019,228,0,12,8
1841,20508345,2019,400,0,0,0
1842,20509346,2019,200,0,34,16
1843,20520347,2019,266,0,0,0
1844,20601349,2019,400,0,0,0
1845,20601351,2019,392,0,0,0
1846,20602352,2019,398,0,0,0
1847,20602353,2019,356,0,4,0
1848,20602355,2019,400,0,0,0
1849,20603356,2019,400,0,0,0
1850,20603357,2019,400,0,0,0
1851,20604359,2019,400,0,0,0
1852,20605361,2019,400,0,0,0
1853,20606363,2019,400,0,0,0
1854,20606364,2019,400,0,0,0
1855,20606365,2019,152,0,188,0
1856,20608367,2019,392,0,0,0
1857,20608368,2019,400,0,0,0
1858,20608369,2019,400,0,0,0
1859,20609371,2019,400,0,0,0
1860,20611373,2019,400,0,0,0
1861,20612375,2019,400,0,0,0
1862,20613376,2019,297,4,8,0
1863,20614377,2019,332,0,0,0
1864,20616379,2019,400,0,0,0
1865,20616380,2019,400,0,0,0
1866,20616381,2019,400,0,0,0
1867,20617383,2019,400,0,0,0
1868,20701385,2019,4,22,150,46
1869,20701387,2019,152,0,40,0
1870,20702388,2019,120,0,136,0
1871,20702389,2019,222,0,76,0
1872,20702391,2019,372,0,4,0
1873,20703392,2019,64,0,94,0
1874,20703393,2019,87,0,128,0
1875,20704394,2019,100,0,72,0
1876,20705396,2019,12,0,362,0
1877,20706398,2019,8,26,68,158
1878,20706399,2019,2,0,369,0
1879,20707400,2019,52,0,292,4
1880,20707402,2019,16,0,288,0
1881,20708403,2019,11,0,337,0
1882,20711404,2019,130,0,90,4
1883,20712405,2019,72,0,172,0
1884,20801407,2019,20,0,216,0
1885,20801409,2019,86,0,96,0
1886,20801410,2019,284,0,24,0
1887,20801411,2019,400,0,0,0
1888,20802413,2019,307,0,18,0
1889,20803414,2019,122,4,107,10
1890,20803415,2019,308,0,64,0
1891,20803416,2019,326,0,2,4
1892,20804418,2019,16,0,259,0
1893,20804418,2019,16,0,259,0
1894,20804420,2019,82,0,235,0
1895,20806421,2019,86,0,224,0
1896,20806422,2019,330,0,14,0
1897,20807424,2019,288,0,0,18
1898,20807425,2019,344,0,40,0
1899,20807426,2019,265,2,29,0
1900,20808427,2019,388,0,0,0
1901,20901429,2019,70,0,304,0
1902,20902431,2019,0,0,400,0
1903,20903432,2019,0,0,278,50
1904,20903433,2019,2,0,364,0
1905,20904435,2019,262,0,20,0
1906,20904436,2019,188,0,143,0
1907,20905437,2019,100,0,108,0
1908,20905438,2019,8,0,344,0
1909,20907440,2019,60,0,176,0
1910,20908442,2019,0,0,400,0
1911,20909443,2019,207,0,21,0
1912,20909444,2019,124,0,92,0
1913,20910446,2019,88,0,283,0
1914,20910447,2019,12,0,368,0
1915,20910448,2019,6,0,342,0
1916,20911449,2019,120,0,248,0
1917,21033451,2019,214,44,12,6
1918,21040453,2019,326,0,0,4
1919,21051454,2019,128,138,2,4
1920,21051455,2019,81,186,0,8
1921,21053457,2019,148,80,8,4
1922,21053458,2019,216,44,8,0
1923,21054459,2019,132,100,0,2
1924,21055461,2019,76,132,1,8
1925,21055462,2019,96,150,0,0
1926,21055463,2019,178,88,0,0
1927,21066465,2019,238,20,4,8
1928,21066466,2019,279,7,2,8
1929,21066467,2019,232,12,0,4
1930,21074469,2019,310,0,0,4
1931,21074470,2019,324,0,0,4
1932,21079472,2019,172,134,0,2
1933,21080474,2019,51,175,4,12
1934,21081476,2019,64,114,4,16
1935,21083477,2019,400,0,0,0
1936,21085478,2019,400,0,0,0
1937,21086480,2019,60,212,0,16
1938,21086481,2019,318,4,0,4
1939,21087482,2019,240,4,0,4
1940,21087483,2019,232,4,0,4
1941,30101485,2019,280,0,16,0
1942,30101487,2019,16,0,362,4
1943,30102488,2019,48,0,68,4
1944,30102489,2019,0,0,312,0
1945,30104491,2019,336,0,8,0
1946,30104492,2019,285,0,12,8
1947,30104493,2019,28,0,190,4
1948,30105495,2019,4,0,320,10
1949,30106497,2019,6,6,70,70
1950,30107499,2019,52,16,116,32
1951,30107500,2019,174,0,104,0
1952,30108501,2019,2,0,386,4
1953,30109503,2019,8,0,128,10
1954,30110504,2019,44,0,174,8
1955,30111505,2019,0,28,44,120
1956,30120507,2019,108,36,172,24
1957,30201509,2019,16,0,372,0
1958,30201511,2019,0,0,400,0
1959,30202512,2019,12,0,328,0
1960,30203513,2019,12,2,329,7
1961,30205515,2019,0,0,324,38
1962,30206516,2019,0,0,386,0
1963,30206517,2019,0,0,400,0
1964,30207518,2019,8,0,260,0
1965,30209520,2019,118,0,120,62
1966,30210522,2019,26,0,255,0
1967,30210523,2019,180,0,70,28
1968,30211524,2019,0,0,400,0
1969,30212526,2019,10,0,287,0
1970,30212527,2019,22,0,252,0
1971,30214528,2019,104,0,212,0
1972,30216529,2019,6,0,218,33
1973,30301531,2019,374,0,0,0
1974,30302533,2019,400,0,0,0
1975,30302534,2019,400,0,0,0
1976,30302535,2019,400,0,0,0
1977,30304537,2019,387,0,3,0
1978,30304538,2019,398,0,0,0
1979,30305539,2019,392,0,0,0
1980,30305540,2019,400,0,0,0
1981,30306541,2019,272,0,8,0
1982,30306542,2019,400,0,0,0
1983,30307544,2019,394,0,2,0
1984,30307545,2019,400,0,0,0
1985,30307546,2019,336,0,10,0
1986,30308548,2019,392,0,0,0
1987,30309549,2019,300,0,32,0
1988,30309550,2019,172,0,80,0
1989,30311551,2019,36,0,314,4
1990,30401553,2019,370,0,8,0
1991,30401555,2019,325,0,8,4
1992,30401556,2019,200,0,126,0
1993,30402557,2019,400,0,0,0
1994,30402559,2019,370,0,0,0
1995,30402560,2019,346,0,0,0
1996,30403561,2019,20,0,274,0
1997,30403562,2019,400,0,0,0
1998,30404564,2019,380,0,0,0
1999,30404566,2019,400,0,0,0
2000,30404567,2019,226,0,4,12
2001,30405568,2019,308,0,10,0
2002,30407570,2019,400,0,0,0
2003,30407571,2019,400,0,0,0
2004,30407572,2019,384,0,0,0
2005,30408573,2019,398,0,0,0
2006,30501575,2019,0,0,398,0
2007,30501577,2019,7,0,387,0
2008,30501578,2019,304,4,0,4
2009,30501579,2019,192,0,20,4
2010,30502581,2019,380,0,0,0
2011,30503582,2019,124,0,152,0
2012,30503583,2019,133,0,224,0
2013,30504585,2019,276,0,20,0
2014,30505587,2019,284,0,12,0
2015,30506589,2019,14,0,244,0
2016,30506591,2019,274,0,6,0
2017,30507593,2019,382,0,0,0
2018,30508594,2019,328,0,12,0
2019,30508595,2019,316,0,8,0
2020,30508596,2019,263,0,24,0
2021,30601598,2019,2,0,0,300
2022,30601599,2019,0,0,0,400
2023,30601601,2019,8,0,6,369
2024,30601603,2019,12,0,100,112
2025,30601604,2019,30,0,86,44
2026,30601605,2019,12,0,44,200
2027,30602606,2019,0,0,0,400
2028,30602608,2019,4,0,0,376
2029,30602609,2019,0,0,80,142
2030,30602611,2019,0,8,0,246
2031,30603613,2019,0,2,0,384
2032,30603614,2019,0,0,0,364
2033,30603615,2019,0,0,0,386
2034,30620616,2019,8,0,4,364
2035,30701618,2019,4,0,2,367
2036,30703620,2019,0,0,0,400
2037,30704621,2019,0,0,0,400
2038,30704622,2019,2,0,0,336
2039,30705624,2019,30,0,2,279
2040,30706625,2019,0,0,0,394
2041,30706626,2019,20,0,6,154
2042,30707628,2019,0,0,0,400
2043,30708630,2019,0,0,0,400
2044,30709632,2019,168,0,128,0
2045,30709632,2019,168,0,128,0
2046,30710633,2019,370,0,0,0
2047,30710634,2019,268,0,28,0
2048,30710636,2019,12,4,4,240
2049,30711637,2019,111,0,28,32
2050,30712638,2019,198,0,0,44
2051,30713640,2019,108,0,4,20
2052,30801642,2019,352,0,4,0
2053,30801644,2019,365,0,0,0
2054,30801645,2019,312,0,0,0
2055,30802646,2019,180,0,6,52
2056,30802648,2019,4,2,0,318
2057,30803649,2019,144,0,16,0
2058,30803650,2019,194,0,18,0
2059,30804652,2019,400,0,0,0
2060,30805654,2019,400,0,0,0
2061,30805656,2019,361,0,15,0
2062,30805657,2019,400,0,0,0
2063,30805658,2019,394,0,0,0
2064,30806660,2019,400,0,0,0
2065,30806661,2019,400,0,0,0
2066,30806662,2019,400,0,0,0
2067,30807663,2019,76,0,0,216
2068,30901665,2019,400,0,0,0
2069,30901667,2019,400,0,0,0
2070,30901668,2019,400,0,0,0
2071,30901669,2019,400,0,0,0
2072,30902671,2019,400,0,0,0
2073,30902672,2019,400,0,0,0
2074,30902673,2019,300,0,0,20
2075,30903674,2019,220,0,84,0
2076,30903675,2019,400,0,0,0
2077,30904676,2019,378,0,0,0
2078,30905678,2019,400,0,0,0
2079,30905679,2019,400,0,0,0
2080,30905680,2019,400,0,0,0
2081,30905682,2019,400,0,0,0
2082,30906683,2019,400,0,0,0
2083,30906684,2019,400,0,0,0
2084,30906685,2019,323,0,0,4
2085,31001687,2019,0,0,400,0
2086,31001689,2019,191,0,133,0
2087,31001690,2019,246,0,38,0
2088,31001691,2019,0,0,400,0
2089,31002693,2019,2,4,222,38
2090,31002694,2019,187,0,16,0
2091,31002695,2019,112,0,100,4
2092,31003696,2019,0,0,4,292
2093,31003698,2019,4,0,254,14
2094,31005700,2019,26,0,40,60
2095,31005701,2019,28,0,324,0
2096,31006702,2019,0,0,0,376
2097,31007704,2019,98,0,40,104
2098,31007705,2019,42,0,40,53
2099,31008706,2019,8,4,284,4
2100,31010707,2019,4,0,360,0
2101,31101709,2019,4,0,116,68
2102,31101710,2019,24,0,44,112
2103,31104712,2019,14,0,44,122
2104,31104714,2019,8,0,0,340
2105,31104715,2019,44,0,133,44
2106,31104716,2019,24,0,106,104
2107,31105717,2019,6,0,328,0
2108,31105719,2019,24,0,200,17
2109,31106721,2019,0,0,0,384
2110,31107723,2019,2,0,330,64
2111,31107725,2019,106,8,40,8
2112,31108726,2019,20,4,96,52
2113,31109727,2019,32,0,10,212
2114,31120729,2019,64,0,8,46
2115,31201731,2019,69,0,228,0
2116,31201733,2019,14,0,306,0
2117,31201734,2019,12,0,352,0
2118,31202735,2019,40,0,284,0
2119,31202737,2019,0,0,400,0
2120,31202738,2019,0,0,400,0
2121,31203739,2019,0,0,400,0
2122,31203741,2019,10,0,280,0
2123,31204743,2019,100,0,204,0
2124,31205745,2019,254,0,15,0
2125,31206747,2019,26,0,322,0
2126,31208749,2019,4,0,348,0
2127,31208750,2019,27,0,335,0
2128,31209751,2019,350,0,18,0
2129,31220752,2019,234,8,17,8
2130,31301754,2019,0,0,20,311
2131,31301755,2019,0,32,0,184
2132,31301757,2019,0,0,0,372
2133,31302759,2019,0,0,0,370
2134,31302760,2019,37,0,157,12
2135,31302761,2019,8,0,0,380
2136,31302762,2019,0,0,316,36
2137,31303764,2019,0,0,392,0
2138,31303765,2019,0,0,400,0
2139,31303767,2019,0,0,400,0
2140,31303769,2019,24,0,358,0
2141,31303769,2019,24,0,358,0
2142,31303770,2019,18,0,295,0
2143,31304771,2019,8,0,4,300
2144,31304772,2019,40,0,16,148
2145,31431774,2019,361,0,0,0
2146,31431776,2019,388,0,0,0
2147,31431777,2019,388,0,0,0
2148,31432778,2019,200,0,24,0
2149,31433780,2019,396,0,0,0
2150,31433781,2019,388,0,0,0
2151,31433782,2019,400,0,0,0
2152,31434783,2019,392,0,0,0
2153,31435785,2019,128,36,16,36
2154,31437786,2019,296,0,4,0
2155,31438787,2019,332,0,4,0
2156,31438788,2019,350,0,0,0
2157,31438790,2019,330,0,4,0
2158,31439791,2019,328,0,8,0
2159,31439792,2019,335,0,8,0
2160,31440793,2019,334,0,10,0
2161,31531795,2019,328,8,0,12
2162,31532797,2019,398,0,0,0
2163,31532798,2019,388,0,0,0
2164,31533799,2019,380,0,6,0
2165,31534801,2019,225,0,5,0
2166,31535802,2019,236,16,4,16
2167,31536803,2019,76,52,4,16
2168,31539804,2019,148,17,6,10
2169,31540806,2019,110,8,4,60
2170,31544808,2019,240,0,0,4
2171,31544809,2019,286,0,0,12
2172,31546810,2019,222,6,4,16
2173,31549812,2019,364,0,4,0
2174,31550813,2019,356,1,0,4
2175,31551814,2019,274,0,8,14
2176,31553815,2019,380,0,0,2
2177,10101101,2020,16,2,102,44
2178,10101103,2020,2,0,30,282
2179,10101105,2020,16,0,156,46
2180,10102109,2020,0,32,4,148
2181,10103111,2020,0,4,0,292
2182,10103113,2020,0,0,0,398
2183,10105115,2020,0,0,4,376
2184,10106117,2020,0,0,68,198
2185,10109121,2020,0,0,36,314
2186,10120123,2020,16,0,356,0
2187,10201125,2020,30,0,71,101
2188,10201127,2020,104,0,220,0
2189,10202129,2020,24,0,84,96
2190,10203133,2020,62,0,98,0
2191,10203135,2020,115,0,161,2
2192,10204137,2020,40,0,96,40
2193,10204139,2020,64,0,16,78
2194,10205141,2020,8,0,142,96
2195,10220145,2020,86,0,98,4
2196,10220147,2020,44,0,132,8
2197,10301149,2020,0,36,0,168
2198,10301151,2020,0,16,0,242
2199,10303153,2020,36,0,36,176
2200,10306158,2020,0,0,4,296
2201,10308160,2020,8,12,0,314
2202,10312164,2020,32,0,56,198
2203,10320168,2020,4,1,10,211
2204,10403176,2020,50,2,134,72
2205,10404178,2020,18,0,4,44
2206,10405180,2020,8,0,4,248
2207,10420189,2020,12,0,200,12
2208,10501192,2020,0,0,400,0
2209,10502194,2020,18,0,158,100
2210,10505199,2020,8,0,348,4
2211,10506202,2020,0,0,384,0
2212,10506204,2020,4,8,16,180
2213,10509208,2020,0,0,297,30
2214,10601212,2020,6,10,4,40
2215,10732214,2020,0,36,146,37
2216,10736218,2020,0,36,68,64
2217,10738222,2020,0,22,99,87
2218,10738224,2020,0,16,140,68
2219,10739226,2020,0,32,198,24
2220,10740230,2020,32,0,156,52
2221,10745234,2020,0,8,87,112
2222,10745236,2020,0,8,70,118
2223,20102238,2020,0,0,400,0
2224,20106242,2020,108,0,68,0
2225,20110246,2020,60,0,282,0
2226,20113248,2020,0,0,352,0
2227,20119250,2020,0,0,382,0
2228,20123255,2020,0,0,368,0
2229,20123257,2020,298,0,36,0
2230,20126259,2020,224,0,12,0
2231,20201265,2020,212,4,8,16
2232,20203269,2020,116,0,56,4
2233,20204271,2020,70,0,206,18
2234,20205273,2020,76,0,62,40
2235,20206277,2020,28,0,66,78
2236,20220283,2020,154,2,34,20
2237,20302285,2020,244,0,36,0
2238,20303287,2020,292,0,20,0
2239,20303289,2020,300,0,28,0
2240,20304294,2020,256,0,64,0
2241,20305299,2020,400,0,0,0
2242,20320304,2020,365,0,9,0
2243,20402307,2020,334,0,10,0
2244,20402309,2020,202,0,56,0
2245,20404314,2020,138,0,92,0
2246,20404316,2020,29,0,263,10
2247,20405318,2020,400,0,0,0
2248,20405320,2020,296,0,56,0
2249,20421325,2020,336,0,4,0
2250,20501327,2020,376,0,0,0
2251,20502331,2020,400,0,0,0
2252,20504335,2020,388,0,4,4
2253,20505337,2020,352,0,0,0
2254,20506339,2020,394,0,0,0
2255,20507343,2020,332,0,0,0
2256,20521348,2020,320,0,6,0
2257,20601350,2020,400,0,0,0
2258,20602354,2020,400,0,0,0
2259,20604358,2020,273,0,34,7
2260,20605360,2020,400,0,0,0
2261,20605362,2020,400,0,0,0
2262,20607366,2020,400,0,0,0
2263,20609370,2020,400,0,0,0
2264,20610372,2020,400,0,0,0
2265,20612374,2020,400,0,0,0
2266,20615378,2020,400,0,0,0
2267,20617382,2020,400,0,0,0
2268,20617384,2020,400,0,0,0
2269,20701386,2020,18,22,156,20
2270,20702390,2020,172,0,55,0
2271,20704395,2020,208,0,4,0
2272,20705397,2020,80,0,192,0
2273,20707401,2020,26,0,182,0
2274,20720406,2020,172,16,28,40
2275,20801408,2020,86,0,280,0
2276,20802412,2020,32,0,324,0
2277,20803417,2020,12,0,120,16
2278,20804419,2020,18,28,76,58
2279,20806423,2020,399,0,0,0
2280,20820428,2020,284,4,4,0
2281,20902430,2020,0,0,400,0
2282,20903434,2020,0,0,64,142
2283,20906439,2020,54,0,342,0
2284,20908441,2020,24,0,268,0
2285,20910445,2020,88,0,288,0
2286,20920450,2020,192,0,68,0
2287,21037452,2020,72,188,8,4
2288,21052456,2020,32,176,8,8
2289,21055460,2020,176,114,0,0
2290,21066464,2020,190,54,16,4
2291,21068468,2020,262,16,0,0
2292,21080473,2020,48,187,4,16
2293,21080475,2020,48,212,4,16
2294,21086479,2020,52,216,0,12
2295,21088484,2020,348,0,0,0
2296,30101486,2020,4,0,376,4
2297,30103490,2020,0,0,400,0
2298,30105494,2020,0,0,396,0
2299,30105494,2020,0,0,396,0
2300,30106496,2020,24,0,220,0
2301,30106498,2020,40,0,264,0
2302,30108502,2020,0,0,220,92
2303,30114506,2020,10,2,338,2
2304,30121508,2020,48,2,112,22
2305,30201510,2020,4,0,396,0
2306,30204514,2020,36,18,66,10
2307,30208519,2020,34,0,76,38
2308,30209521,2020,108,4,20,24
2309,30211525,2020,10,0,386,0
2310,30221530,2020,82,0,246,0
2311,30302532,2020,388,0,0,0
2312,30302536,2020,400,0,0,0
2313,30307543,2020,400,0,0,0
2314,30307547,2020,368,0,0,0
2315,30311552,2020,50,0,166,12
2316,30401554,2020,90,0,227,0
2317,30402558,2020,400,0,0,0
2318,30403563,2020,400,0,0,0
2319,30404565,2020,400,0,0,0
2320,30406569,2020,94,0,170,0
2321,30409574,2020,316,0,20,0
2322,30501576,2020,0,0,392,0
2323,30502580,2020,400,0,0,0
2324,30503584,2020,186,0,208,0
2325,30504586,2020,72,0,241,0
2326,30506588,2020,0,0,400,0
2327,30506590,2020,35,0,230,0
2328,30506592,2020,140,16,0,76
2329,30508597,2020,72,0,0,260
2330,30601600,2020,0,0,0,388
2331,30601602,2020,18,0,144,12
2332,30602607,2020,2,0,0,367
2333,30602610,2020,0,40,0,188
2334,30603612,2020,0,3,0,345
2335,30620617,2020,0,0,14,330
2336,30702619,2020,0,0,10,332
2337,30705623,2020,24,0,12,200
2338,30707627,2020,108,0,0,144
2339,30708629,2020,24,0,8,124
2340,30709631,2020,108,0,70,0
2341,30710635,2020,384,0,0,4
2342,30713639,2020,204,0,72,0
2343,30720641,2020,28,0,0,208
2344,30801643,2020,391,0,0,0
2345,30802647,2020,32,0,4,180
2346,30803651,2020,106,0,22,0
2347,30804653,2020,310,0,12,0
2348,30805655,2020,400,0,0,0
2349,30806659,2020,400,0,0,0
2350,30808664,2020,115,0,0,142
2351,30901666,2020,400,0,0,0
2352,30901670,2020,400,0,0,0
2353,30904677,2020,392,0,0,0
2354,30905681,2020,400,0,0,0
2355,30906686,2020,330,0,0,0
2356,31001688,2020,0,0,360,8
2357,31001692,2020,0,0,342,0
2358,31003697,2020,0,0,168,59
2359,31004699,2020,232,0,26,0
2360,31007703,2020,36,0,50,2
2361,31020708,2020,72,0,168,4
2362,31102711,2020,60,0,74,51
2363,31104713,2020,24,0,6,216
2364,31105718,2020,76,0,262,2
2365,31106720,2020,220,0,12,48
2366,31107722,2020,97,8,15,16
2367,31107724,2020,0,0,372,12
2368,31110728,2020,24,0,76,96
2369,31120730,2020,76,0,24,40
2370,31201732,2020,342,0,0,4
2371,31202736,2020,0,0,400,0
2372,31203740,2020,0,0,400,0
2373,31204742,2020,82,0,248,4
2374,31205744,2020,80,0,192,0
2375,31205746,2020,324,0,4,0
2376,31207748,2020,4,0,386,0
2377,31221753,2020,24,0,268,0
2378,31301756,2020,0,18,0,339
2379,31301758,2020,0,0,0,400
2380,31302763,2020,12,0,328,4
2381,31303766,2020,20,0,178,32
2382,31303768,2020,0,0,398,0
2383,31304773,2020,20,0,120,32
2384,31431775,2020,388,0,0,0
2385,31433779,2020,378,2,0,0
2386,31434784,2020,388,0,0,0
2387,31438789,2020,319,0,0,0
2388,31440794,2020,324,0,8,0
2389,31531796,2020,224,14,0,10
2390,31534800,2020,292,0,6,0
2391,31539805,2020,150,22,4,18
2392,31541807,2020,242,4,6,6
2393,31548811,2020,162,32,4,4
2394,31553816,2020,312,2,4,4
